,Title,Rating
0,Gebo and The Shadow (Gebo et l'ombre),100%
1,Toy Story 4,97%
2,Pretenders,22%
3,Who Killed Cock Robin,40%
4,The Lion King,53%
5,Dilili in Paris (Dilili à Paris),60%
6,Stuber,42%
7,The Riot Act,60%
8,Maiden,98%
9,In the Tall Grass,39%
10,The Dead Center,100%
11,The Parts You Lose,67%
12,Inside Lehman Brothers,83%
13,Wonder Woman: Bloodlines,83%
14,The Death of Dick Long,76%
15,Fast & Furious Presents: Hobbs & Shaw,67%
16,Memory: The Origins of Alien,81%
17,Little Monsters,85%
18,Harpoon,98%
19,3 from Hell,50%
20,The Art of Self-Defense,83%
21,Mary,4%
22,Deadwood: The Movie,97%
23,Ready to Mingle (Bachelorettes) (Solteras),43%
24,Liam Gallagher: As It Was,62%
25,Cuck,44%
26,El Camino: A Breaking Bad Movie,94%
27,Wrinkles the Clown,69%
28,Semper Fi,20%
29,Lucky Day,11%
30,Fractured,67%
31,The Forest of Love,100%
32,Quartet,46%
33,The Grief of Others,100%
34,Spider-Man: Far From Home,90%
35,Super Size Me 2: Holy Chicken!,70%
36,Bodied,90%
37,My Son (Mon garçon),55%
38,Four Hands (Die Vierhändige),83%
39,In the Aisles (In den Gängen),88%
40,The Wedding Year,38%
41,Golden Boy,67%
42,The Weekend,85%
43,Wild Rose,93%
44,"A Bread Factory, Part One: For the Sake of Gold",100%
45,"A Bread Factory, Part Two: Walk with Me a While",100%
46,Seeds,45%
47,Skin,77%
48,American Dreamer,54%
49,"Empathy, Inc.",85%
50,Prey,17%
51,Annabelle Comes Home,64%
52,Crawl,82%
53,Midsommar,83%
54,Tall Girl,38%
55,Corporate Animals,28%
56,Pavarotti,85%
57,The Day Shall Come,66%
58,Auggie,86%
59,Between Two Ferns: The Movie,76%
60,Scarborough,56%
61,Bloodline,50%
62,Running with the Devil,22%
63,10 Minutes Gone,0%
64,"Leaving Home, Coming Home: A Portrait of Robert Frank",89%
65,Dark Phoenix,23%
66,The Last Photograph,71%
67,Shaft,32%
68,Being Frank,32%
69,Blue Note Records: Beyond the Notes,95%
70,Gags the Clown,43%
71,The Dead Don't Die,56%
72,Low Tide,76%
73,Vita & Virginia,40%
74,Echo In the Canyon,94%
75,Night Hunter (Nomis),15%
76,Child's Play,64%
77,The Sound of Silence,63%
78,Untouchable,84%
79,Yesterday,62%
80,Darlin',70%
81,Anna,36%
82,Loopers: The Caddie's Long Walk,75%
83,Satanic Panic,59%
84,Strange But True,47%
85,Spider in the Web,75%
86,Angel of Mine,68%
87,Itsy Bitsy,50%
88,Riot Girls,89%
89,Haunt,67%
90,The Fanatic,18%
91,The Parting Glass,100%
92,Can You Keep a Secret?,30%
93,Artik,100%
94,Bill Burr: Paper Tiger,86%
95,Dude Bro Party Massacre III,90%
96,The Secret Life of Pets 2,59%
97,The Professor and the Madman,38%
98,Aladdin,57%
99,John Wick: Chapter 3 - Parabellum,90%
100,The Other Side of Everything (Druga strana svega),90%
101,Men in Black International,23%
102,Tone-Deaf,38%
103,Be Natural: The Untold Story of Alice Guy-Blaché,96%
104,Booksmart,97%
105,Jacob's Ladder,5%
106,Shadow,95%
107,Driven,67%
108,Gwen,69%
109,Sextuplets,14%
110,Ladyworld,57%
111,All Is True,71%
112,The Last Black Man in San Francisco,93%
113,Socrates,81%
114,American Factory,97%
115,The Tomorrow Man,43%
116,Unplanned,40%
117,Ma,54%
118,Apocalypse Now: Final Cut,100%
119,5B,100%
120,Awake,17%
121,Hot Air,18%
122,Burn,58%
123,One Last Night,60%
124,Invader Zim: Enter the Florpus,100%
125,Falling Inn Love,61%
126,Dave Chappelle: Sticks & Stones,35%
127,Between the Lines,92%
128,Wonder Park,33%
129,Under the Silver Lake,58%
130,Euphoria,19%
131,Burn Your Maps,62%
132,The Aftermath,27%
133,May It Last: A Portrait of the Avett Brothers,89%
134,Dumbo,47%
135,Pressing On: The Letterpress Film,80%
136,Maze,100%
137,Swinging Safari,77%
138,"Hale County This Morning, This Evening",97%
139,High Life,83%
140,Little,47%
141,Perfect,17%
142,Us,93%
143,Beats,100%
144,Canary (Kanarie),100%
145,Nightmare Cinema,77%
146,The Beach Bum,57%
147,Giant Little Ones,93%
148,Hotel Mumbai,75%
149,The Hummingbird Project,57%
150,The Command (Kursk),69%
151,Ghost Light,73%
152,Run the Race,40%
153,No Manches Frida 2,13%
154,The Edge of Democracy,96%
155,The Wolf's Call (Le chant du loup),100%
156,Killers Anonymous,0%
157,The Poison Rose,0%
158,Anima,100%
159,Shazam!,90%
160,The Edge of Love,37%
161,Phil,21%
162,Ophelia,59%
163,Alita: Battle Angel,61%
164,My Days of Mercy,94%
165,Hellboy,17%
166,Pet Sematary,57%
167,Styx,94%
168,Transit,94%
169,Breakthrough,61%
170,Missing Link,89%
171,The Public,66%
172,After,17%
173,The Most Dangerous Year,91%
174,Teen Spirit,73%
175,Skin in the Game,67%
176,Crown and Anchor,100%
177,The Best of Enemies,54%
178,An Acceptable Loss,13%
179,Mia and the White Lion,88%
180,The Quiet One,67%
181,Escape Plan: The Extractors,30%
182,Summer Night,55%
183,Trespassers,61%
184,Saving Zoë,0%
185,Armstrong,75%
186,Point Blank,41%
187,Miss Arizona,40%
188,Aziz Ansari: Right Now,86%
189,"Frankenstein's Monster's Monster, Frankenstein",82%
190,Love Ranch,13%
191,Avengers: Endgame,94%
192,UglyDolls,28%
193,Long Shot,81%
194,Pokémon Detective Pikachu,68%
195,Fast Color,81%
196,Iron Sky: The Coming Race,29%
197,Little Woods,96%
198,Ash Is Purest White,99%
199,The Curse of La Llorona,29%
200,The Wedding Guest,43%
201,The Intruder,32%
202,El Chicano,38%
203,Master Z: Ip Man Legacy,89%
204,Girls with Balls,30%
205,Batman: Hush,88%
206,Poms,34%
207,The Great Hack,87%
208,Tolkien,51%
209,Sword of Trust,93%
210,Supervized,44%
211,The Son (El hijo),82%
212,Astronaut,59%
213,She's Just a Shadow,20%
214,Above the Shadows,50%
215,Critters Attack!,44%
216,Bottom of the 9th,69%
217,See You Soon,33%
218,Into the Ashes,28%
219,Secret Obsession,31%
220,Dead Water,0%
221,Godzilla: King of the Monsters,41%
222,The Red Sea Diving Resort,30%
223,Rocko's Modern Life: Static Cling,91%
224,The Hustle,14%
225,Light of My life,74%
226,The Sun Is Also a Star,51%
227,Girls of the Sun (Les filles du soleil),45%
228,A Dog's Journey,50%
229,Rocketman,89%
230,Otherhood,26%
231,The White Crow,66%
232,Trial by Fire,61%
233,Charlie Says,59%
234,Nekrotronic,42%
235,Brightburn,57%
236,Amazing Grace,99%
237,Ode to Joy,46%
238,Lying and Stealing,67%
239,Woodstock: Three Days That Defined a Generation,85%
240,15 Minutes of War (L'intervention),33%
241,The Banana Splits,71%
242,Teacher,100%
243,Every Time I Die,100%
244,The Night Sitter,75%
245,A Score to Settle,15%
246,Coyote Lake,80%
247,Enter the Anime,0%
248,Madness in the Method,29%
249,The VelociPastor,70%
250,Captain Marvel,78%
251,Katie Says Goodbye,39%
252,SoulMate,100%
253,Hampstead,44%
254,Captive State,44%
255,Tyler Perry's A Madea Family Funeral,12%
256,Wonders of the Sea,76%
257,The Bastards' Fig Tree (La higuera de los bastardos),73%
258,Slaughterhouse Rulez,41%
259,Momentum Generation,100%
260,Five Feet Apart,54%
261,Rondo,80%
262,Head Count,63%
263,Leprechaun Returns,38%
264,The Mustang,94%
265,I Am Mother,90%
266,The Brink,84%
267,The Kid,45%
268,Elisa & Marcela,33%
269,Framing John DeLorean,91%
270,Changeland,63%
271,Plus One,90%
272,Batman vs Teenage Mutant Ninja Turtles,100%
273,Murder Mystery,45%
274,Daughter of the Wolf,22%
275,Hallowed Ground,0%
276,The Child Remains,0%
277,The Outsider,53%
278,First to the Moon,100%
279,The Black Godfather,100%
280,Rolling Thunder Revue: A Bob Dylan Story By Martin Scorsese,92%
281,All Is Well (Alles ist gut),100%
282,The Man Who Killed Don Quixote,63%
283,Home Page,86%
284,The Kid Who Would Be King,89%
285,Glass,37%
286,Holmes and Watson,11%
287,Unicorn Store,63%
288,In the Intense Now (No Intenso Agora),82%
289,On the Basis of Sex,74%
290,The Aspern Papers,19%
291,A Dog's Way Home,60%
292,Replicas,9%
293,The Silence,30%
294,Mirai,91%
295,Welcome to Marwen,35%
296,Bathtubs Over Broadway,100%
297,The Wind,80%
298,Screwball,93%
299,Thriller,42%
300,The Haunting of Sharon Tate,18%
301,Dragon Ball Super: Broly,83%
302,Justice League vs the Fatal Five,100%
303,Someone Great,82%
304,New Money,60%
305,Crypto,20%
306,The Head Hunter,100%
307,The Perfect Date,69%
308,Long Lost,71%
309,Who Would You Take to a Deserted Island? (A quién te llevarías a una isla desierta?),83%
310,Master of Dark Shadows,100%
311,A Fortunate Man (Lykke-Per),80%
312,Black Site,71%
313,Homecoming: A Film by Beyoncé,98%
314,How to Train Your Dragon: The Hidden World,91%
315,A Space Program,87%
316,Mapplethorpe,31%
317,The Upside,41%
318,Isn't It Romantic,70%
319,Tater Tot & Patton,85%
320,Fighting with My Family,92%
321,Mosul,100%
322,See You Yesterday,95%
323,Funny Story,83%
324,Always Be My Maybe,90%
325,Rim of the World,25%
326,Apollo 11,99%
327,Cold Pursuit,70%
328,Gloria Bell,91%
329,Greta,60%
330,ANIARA,70%
331,Ladies in Black,88%
332,Starfish,91%
333,The Perfection,73%
334,Happy Death Day 2U,69%
335,Wine Country,66%
336,Avengement,81%
337,Isabelle,8%
338,A Violent Separation,10%
339,The Professor,10%
340,Domino,33%
341,Wanda Sykes: Not Normal,100%
342,Good Sam,60%
343,The Lonely Island Presents: The Unauthorized Bash Brothers Experience,100%
344,Chopsticks,20%
345,Fantastic Beasts: The Crimes of Grindelwald,37%
346,The Mercy,74%
347,The Unseen,100%
348,Life After Flash,88%
349,Chef Flynn,73%
350,River's Edge (Ribazu ejji),67%
351,Never Grow Old,90%
352,Second Act,45%
353,Becoming Astrid (Unga Astrid),96%
354,Prospect,89%
355,A Tuba to Cuba,100%
356,Time For Ilhan,94%
357,Border (Gräns),97%
358,Afghan Cycles,100%
359,Between Worlds,29%
360,Something,40%
361,The Clovehitch Killer,77%
362,Don't Go,39%
363,Cradle of Champions,100%
364,Vox Lux,61%
365,Mission of Honor,83%
366,Lady J (Mademoiselle de Joncquières),83%
367,Level 16,82%
368,30 Miles from Nowhere,80%
369,Your Son (Tu Hijo),100%
370,The Boy Who Harnessed the Wind,86%
371,The Vanishing,86%
372,Triple Frontier,72%
373,Finding Steve McQueen,52%
374,The Cannibal Club,57%
375,Stray,57%
376,Juanita,80%
377,Honeyglue,36%
378,A Star Is Born,90%
379,Mortal Engines,27%
380,The Possession of Hannah Grace,19%
381,Mary Queen of Scots,63%
382,Anna and the Apocalypse,78%
383,The Changeover,70%
384,Instant Family,82%
385,Spider-Man: Into the Spider-Verse,97%
386,Patrick,36%
387,The Last Race,93%
388,The Happy Prince,72%
389,Lords of Chaos,74%
390,Creed II,84%
391,The World Before Your Feet,100%
392,Narcissister Organ Player,71%
393,The Breaker Upperers,89%
394,Chi-Town,100%
395,Under the Eiffel Tower,41%
396,Shoplifters (Manbiki kazoku),99%
397,The Front Runner,60%
398,Mega Time Squad,76%
399,Ben is Back,82%
400,Green Book,78%
401,Donnybrook,38%
402,Backtrace,11%
403,Trading Paint,0%
404,"Ken Jeong: You Complete Me, Ho",29%
405,The Maestro,80%
406,Paddleton,89%
407,We Are the Heat,80%
408,Paris Is Us,43%
409,Hunter Killer,36%
410,Goosebumps 2: Haunted Halloween,48%
411,Halloween,79%
412,First Man,87%
413,Mobile Homes,58%
414,Don't Come Back from the Moon,94%
415,The Hate U Give,97%
416,The Bookshop,56%
417,The Last Suit (El último traje),78%
418,Madeline's Madeline,88%
419,The Old Man & the Gun,93%
420,Johnny English Strikes Again,37%
421,Here and Now (Blue Night),23%
422,Jonathan,65%
423,Egg,100%
424,All These Small Moments,82%
425,Tea With the Dames (Nothing Like a Dame),99%
426,The Dark,87%
427,Girl,84%
428,Alone (Solo),75%
429,Buffalo Boys,81%
430,Pledge,76%
431,The Standoff at Sparrow Creek,77%
432,Soni,85%
433,The Bouncer (Lukas),80%
434,American Renegades,6%
435,Speed Kills,0%
436,Once Upon a Deadpool,53%
437,I Hate Kids,22%
438,Close,37%
439,Io,31%
440,Revenger,40%
441,As If I Am Not There,85%
442,Mowgli: Legend of the Jungle,52%
443,Equalizer 2,51%
444,Marie Curie: The Courage of Knowledge,61%
445,Sgt. Stubby: An American Hero,88%
446,Smallfoot,76%
447,The House That Jack Built,57%
448,Scaffolding,82%
449,Assassination Nation,73%
450,Lizzie,66%
451,Colette,87%
452,Welcome Home,11%
453,I Still See You,8%
454,A Simple Favor,85%
455,Unbroken: Path to Redemption,38%
456,Galveston,71%
457,Social Animals,88%
458,1985,95%
459,Peppermint,12%
460,Back Roads,75%
461,Maine,56%
462,Ghostbox Cowboy,91%
463,The American Meme,94%
464,Little Women,29%
465,Await Further Instructions,84%
466,Fahrenheit 11/9,82%
467,Swimming with Men,55%
468,Roma,96%
469,The Super,40%
470,Air Strike,0%
471,River Runs Red,22%
472,Springsteen on Broadway,96%
473,Wildlife,94%
474,White Boy Rick,59%
475,Venom,29%
476,Night School,27%
477,Sacred,91%
478,The Rider,97%
479,Bad Times at the El Royale,75%
480,Hell Fest,43%
481,Eating Animals,91%
482,Memoir of War (La douleur),64%
483,Far From the Tree,89%
484,What They Had,88%
485,Bad Reputation,78%
486,Monsters and Men,85%
487,Spiral,40%
488,People's Republic of Desire,97%
489,A.X.L.,27%
490,An Evening with Beverly Luff Linn,51%
491,State Like Sleep,37%
492,Mid90s,81%
493,The Oath,63%
494,The Go-Getters,71%
495,Ashes in the Snow,54%
496,Bird Box,63%
497,American Hangman,44%
498,Sgt. Will Gardner,22%
499,Rockaway,50%
500,Outlaws,30%
501,The Last Laugh,53%
502,Hotel Transylvania 3: Summer Vacation,62%
503,The Forest of the Lost Souls (A Floresta das Almas Perdidas),79%
504,Leave No Trace,100%
505,Hot Summer Nights,43%
506,Rodin,30%
507,Mamma Mia! Here We Go Again,80%
508,A Prayer Before Dawn,92%
509,The Healer,17%
510,The Catcher Was A Spy,32%
511,"Don't Worry, He Won't Get Far on Foot",76%
512,Loving Pablo,31%
513,The Kindergarten Teacher,91%
514,Private Life,94%
515,Three Identical Strangers,96%
516,At First Light,54%
517,Heavy Trip (Hevi reissu),93%
518,All Square,91%
519,Catwalk: Tales From The Cat Show Circuit,80%
520,After Everything (Shotgun),88%
521,The 12th Man,86%
522,Hotel Artemis,57%
523,The Death of Superman,92%
524,Blue Iguana,37%
525,Tales from the Hood 2,71%
526,Cruise,38%
527,Apostle,80%
528,Better Start Running,33%
529,Maximum Impact,0%
530,Hold the Dark,72%
531,22 July,80%
532,Malevolent,38%
533,Feminists: What Were They Thinking?,80%
534,The Meg,46%
535,Without Name,81%
536,Alpha,80%
537,The Domestics,100%
538,The Delinquent Season,70%
539,The Third Murder (Sandome no satsujin),86%
540,Outlaw King,63%
541,The Children Act,73%
542,Anchor and Hope,75%
543,Crazy Rich Asians,91%
544,Kin,32%
545,Skate Kitchen,90%
546,"Juliet, Naked",83%
547,We the Animals,93%
548,Searching,92%
549,Blindspotting,94%
550,The Long Dumb Road,73%
551,Dog Days,62%
552,Time Trap,56%
553,The Tribe (La tribu),71%
554,Final Score,68%
555,Number 37 (Nommer 37),100%
556,Jinn,95%
557,The New Romantic,64%
558,Luciferina,80%
559,Look Away,17%
560,CAM,93%
561,The Ballad of Buster Scruggs,91%
562,Lasso,63%
563,May the Devil Take You (Sebelum iblis menjemput),83%
564,The Christmas Chronicles,68%
565,The Princess Switch,75%
566,Papillon,52%
567,Mile 22,23%
568,Death House,40%
569,The Darkest Minds,17%
570,Claire's Camera (La caméra de Claire),88%
571,The Spy Who Dumped Me,50%
572,Christopher Robin,73%
573,Gauguin: Voyage to Tahiti,40%
574,Itzhak,89%
575,Destination Wedding,53%
576,Room For Rent,88%
577,Daughters of the Sexual Revolution: The Untold Story of the Dallas Cowboys Cheerleaders,83%
578,Unlovable,81%
579,Wild Honey Pie!,20%
580,BlacKkKlansman,96%
581,In a Relationship,60%
582,An Interview With God,60%
583,Every Act of Life,89%
584,The Reckoning: Hollywood's Worst Kept Secret,80%
585,Our House,60%
586,The Last Sharknado: It's About Time,27%
587,Mara,23%
588,The Other Side of the Wind,83%
589,They'll Love Me When I'm Dead,92%
590,Welcome to Mercy,67%
591,Lez Bomb,89%
592,Intensive Care,80%
593,Pimp,50%
594,Swiped,17%
595,Monster Party,74%
596,The Holiday Calendar,33%
597,John Leguizamo's Latin History for Morons,100%
598,The LEGO Movie 2: The Second Part,85%
599,Mary Magdalene,45%
600,The Great Buddha+,88%
601,Hagazussa: A Heathen's Curse (Hagazussa),95%
602,What Men Want,44%
603,Destroyer,74%
604,Blaze,95%
605,Scary Stories,80%
606,Serenity,20%
607,The Things We've Seen,50%
608,Miss Bala,22%
609,In Search of Greatness,89%
610,Everybody Knows (Todos lo saben),79%
611,Arctic,89%
612,Lost & Found,73%
613,The Prodigy,43%
614,The Last Summer,17%
615,J.T. LeRoy,54%
616,Dragged Across Concrete,75%
617,Tell It to the Bees,47%
618,Clara,48%
619,Softness of Bodies,100%
620,Escape Room,50%
621,Scotch: A Golden Dream,75%
622,"Extremely Wicked, Shockingly Evil and Vile",56%
623,Knock Down the House,100%
624,Body at Brighton Rock,64%
625,I Trapped The Devil,75%
626,Room for Rent,82%
627,Grass Is Greener,100%
628,Anthony Jeselnik: Fire in the Maternity Ward,80%
629,I'll Take Your Dead,64%
630,Mission: Impossible - Fallout,97%
631,The Happytime Murders,24%
632,God Bless the Broken Road,18%
633,The Nun,25%
634,Pope Francis - A Man of His Word,82%
635,The Little Stranger,66%
636,The Captain (Der Hauptmann),85%
637,Where Hands Touch,41%
638,The Rape Of Recy Taylor,94%
639,DriverX,44%
640,Newly Single,88%
641,Operation Finale,61%
642,Clara's Ghost,74%
643,Tyrel,60%
644,Pick of the Litter,97%
645,Time Share (Tiempo Compartido),95%
646,The Miseducation of Cameron Post,87%
647,Beautifully Broken,67%
648,What Keeps You Alive,82%
649,Blood Brother,17%
650,McQueen,99%
651,The World Is Yours (Le monde ou rien),95%
652,Happy as Lazzaro (Lazzaro felice),90%
653,A Christmas Prince: The Royal Wedding,47%
654,United We Fan,100%
655,Viking Destiny (Of Gods and Warriors),13%
656,Divide and Conquer: The Story of Roger Ailes,90%
657,Asher,46%
658,Dumplin',85%
659,You Might Be the Killer,59%
660,Hospitality,20%
661,Bob Lazar: Area 51 & Flying Saucers,20%
662,Ocean's 8,69%
663,Cold Skin,46%
664,Found Footage 3D,100%
665,Susanne Bartsch: On Top,100%
666,Ghost Stories,83%
667,Dark River,79%
668,Uncle Drew,61%
669,Sierra Burgess Is a Loser,62%
670,City of Joy,100%
671,Won't You Be My Neighbor?,98%
672,Hearts Beat Loud,91%
673,Hereditary,89%
674,Superfly,49%
675,A Wizard's Tale (Here Comes the Grump),20%
676,That Summer,81%
677,Don't Leave Home,74%
678,Blood Fest,53%
679,The Laws of Thermodynamics (Las Leyes de la Termodinámica),46%
680,American Circumcision,60%
681,Venus,100%
682,Active Measures,80%
683,Distorted,18%
684,Damascus Cover,14%
685,Luis and The Aliens,24%
686,Boarding School,33%
687,An Actor Prepares,38%
688,A Crooked Somebody,80%
689,Age of Summer,50%
690,Next Gen,80%
691,The Angel,75%
692,The Most Assassinated Woman in the World (La femme la plus assassinée du monde),86%
693,Reversing Roe,88%
694,Mind Game,100%
695,Deadpool 2,83%
696,God's Not Dead: A Light in Darkness,11%
697,Show Dogs,16%
698,Action Point,13%
699,Tag,55%
700,Shock and Awe,29%
701,Western,96%
702,A Kid Like Jake,53%
703,Mary Shelley,39%
704,Bad Samaritan,53%
705,First Reformed,93%
706,Woman Walks Ahead,51%
707,The Guardians (Les Gardiennes),95%
708,The Escape,77%
709,The Motive (El autor),60%
710,The Little Vampire 3D,14%
711,Bleeding Steel,22%
712,RBG,95%
713,American Animals,89%
714,Black Water,0%
715,Upgrade,87%
716,Adrift,70%
717,Book Club,54%
718,Furlough,20%
719,Puppet Master: The Littlest Reich,67%
720,Calling All Earthlings,58%
721,Breaking & Exiting,0%
722,To All the Boys I've Loved Before,97%
723,I Am Vengeance,38%
724,Paterno,69%
725,The After Party,0%
726,Dark Crimes,0%
727,The Keeping Hours,80%
728,Life of the Party,38%
729,Lou Andreas-Salomé: The Audacity to Be Free,64%
730,Final Portrait,73%
731,Extinction,39%
732,Aardvark,12%
733,Tully,86%
734,Dead Night,63%
735,Kings,13%
736,On Chesil Beach,67%
737,Overboard,24%
738,Lowlife,91%
739,Revenge,93%
740,Marrowbone,46%
741,The Miracle Season,52%
742,The Guernsey Literary and Potato Peel Pie Society,81%
743,Night Comes On,100%
744,Breaking In,26%
745,Wildling,70%
746,Elizabeth Harvest,47%
747,14 Cameras,22%
748,Like Father,46%
749,Hope Springs Eternal,89%
750,What Still Remains,90%
751,The Package,44%
752,Along Came the Devil,38%
753,Killer Bees,80%
754,Snapshots,71%
755,King of Hearts,94%
756,Pacific Rim Uprising,44%
757,Sherlock Gnomes,27%
758,Tomb Raider,52%
759,Frantz,91%
760,Midnight Sun,22%
761,The Night of the Virgin (La noche del virgen),40%
762,The Cage Fighter,94%
763,Loveless (Nelyubov),94%
764,Tehran Taboo,97%
765,Ali's Wedding,92%
766,A Skin So Soft (Ta peau si lisse),94%
767,Mrs. Hyde (Madame Hyde),55%
768,The Death of Stalin,96%
769,I Can Only Imagine,61%
770,Back to Burgundy (Ce qui nous lie),71%
771,Wetlands,36%
772,"Paul, Apostle of Christ",46%
773,"Love, Simon",92%
774,An Ordinary Man,38%
775,The Strangers: Prey At Night,39%
776,Unsane,80%
777,Maktub,100%
778,The Humanity Bureau,25%
779,Sunday's Illness (La enfermedad del domingo),94%
780,The Quest of Alain Ducasse (La Quête d'Alain Ducasse),69%
781,Alex Strangelove,80%
782,Zoo,88%
783,The Jurassic Games,80%
784,Set It Up,92%
785,Lust Stories,100%
786,Hannah Gadsby: Nanette,100%
787,The Two of Us (Le vieil homme et l'enfant),100%
788,Wonderstruck,68%
789,A Wrinkle in Time,42%
790,Miss Stevens,91%
791,Thoroughbreds,87%
792,Red Sparrow,45%
793,A Fantastic Woman (Una mujer fantástica),93%
794,The Party,81%
795,Freak Show,51%
796,On the Beach at Night Alone (Bamui haebyun-eoseo honja),92%
797,Discreet,78%
798,Death Wish,18%
799,Game Night,85%
800,Devil's Gate,33%
801,Gringo,40%
802,They Remain,54%
803,The Bachelors,83%
804,Annihilation,87%
805,The 15:17 to Paris,23%
806,I Kill Giants,78%
807,Every Day,62%
808,The Hurricane Heist,45%
809,It Came from the Desert,60%
810,Feral,31%
811,The Last Witness,40%
812,The Debt Collector,80%
813,Ibiza,67%
814,Steve Martin and Martin Short: An Evening You Will Forget for the Rest of Your Life,100%
815,Hooked,20%
816,Shakespeare Wallah,89%
817,The Greatest Showman,56%
818,Father Figures,17%
819,Molly's Game,82%
820,Insidious: The Last Key,33%
821,Phantom Thread,91%
822,Killing for Love (Das Versprechen),100%
823,Half Magic,55%
824,Proud Mary,28%
825,Us and Them,63%
826,The Archer,80%
827,Sweet Virginia,78%
828,In the Fade (Aus dem Nichts),77%
829,Sun Dogs,80%
830,Permanent,44%
831,Mohawk,83%
832,Thelma,92%
833,All the Money in the World,79%
834,The Tribes of Palos Verdes,64%
835,Deep Blue Sea 2,0%
836,Basmati Blues,11%
837,King In The Wilderness,100%
838,Come Sunday,68%
839,Looking Glass,17%
840,Elis,29%
841,Braven,77%
842,10x10,67%
843,Suicide Squad: Hell to Pay,88%
844,6 Balloons,86%
845,Amateur,60%
846,I Am Not An Easy Man (Je Ne Suis Pas Un Homme Facile),80%
847,Do You Trust this Computer?,71%
848,Daughter of the Nile (Ni luo he nu er),100%
849,Star Wars: The Last Jedi,91%
850,Pitch Perfect 3,30%
851,Jumanji: Welcome to the Jungle,76%
852,The Titan,19%
853,Backstabbing for Beginners,38%
854,Downsizing,48%
855,Midnight Return: The Story of Billy Hayes and Turkey,75%
856,Small Town Crime,76%
857,Roxanne Roxanne,70%
858,Last Men in Aleppo,97%
859,The Vanishing of Sidney Hall,11%
860,Caught,67%
861,A Suitable Girl,87%
862,The Divine Order (Die göttliche Ordnung),84%
863,"Game Over, Man!",20%
864,Madame,43%
865,The Last Movie Star,52%
866,Pyewacket,84%
867,I Remember You (Eg Man Big),86%
868,The China Hustle,77%
869,Terrifier,64%
870,Acts of Violence,0%
871,The Competition,17%
872,Status Update,0%
873,First Match,84%
874,Our Blood Is Wine,80%
875,PARADOX,29%
876,Happy Anniversary,83%
877,Maze Runner: The Death Cure,43%
878,The Commuter,56%
879,Hostiles,71%
880,Do Not Resist,90%
881,Equal Means Equal,75%
882,Please Stand By,58%
883,Forever My Girl,24%
884,Vazante,88%
885,The Strange Ones,56%
886,Paddington 2,100%
887,Den of Thieves,41%
888,Bombshell: The Hedy Lamarr Story,95%
889,The Post,88%
890,The Week Of,27%
891,Let the Sunshine In (Un beau soleil intérieur),86%
892,Film Stars Don't Die in Liverpool,80%
893,Adventures in Public School (Public Schooled),71%
894,Kodachrome,71%
895,Nostalgia,40%
896,Dear Dictator,17%
897,Pass Over,92%
898,All I Wish (A Little Something for Your Birthday),14%
899,7 Guardians of the Tomb,7%
900,Tremors: A Cold Day in Hell,40%
901,Supercon,17%
902,The Escape of Prisoner 614,20%
903,The Rachel Divide,72%
904,Mercury 13,100%
905,Duck Butter,57%
906,Candy Jar,71%
907,Psychokinesis,80%
908,John Mulaney: Kid Gorgeous at Radio City,100%
909,Peppermint Soda,89%
910,Dealt,95%
911,Teenage Cocktail,100%
912,Wonder,85%
913,Don't Call Me Son (Mãe Só Há Uma),82%
914,The Housemaid (Cô Hâu Gái),67%
915,Golden Exits,67%
916,Django,59%
917,Tom of Finland,84%
918,The Ballad of Lefty Brown,80%
919,Suburbicon,27%
920,Blade of the Immortal (Mugen no jûnin),85%
921,Stratton,0%
922,Reset,50%
923,Entanglement,61%
924,The Stray,40%
925,Becks,95%
926,"Roman J. Israel, Esq.",53%
927,Only the Brave,87%
928,Pokémon The Movie: I Choose You!,33%
929,Still/Born,67%
930,The Ritual,74%
931,Monster Family,10%
932,When We First Met,43%
933,Seeing Allred,100%
934,Bomb City,75%
935,Hellraiser: Judgment,50%
936,Where's Daddy?,100%
937,Woody Woodpecker,13%
938,Living Among Us,14%
939,Traffic Stop,100%
940,Chris Rock: Tamborine,100%
941,La Belle Noiseuse,100%
942,Moonrise,100%
943,Beyond The Hills,90%
944,The Cleanse,82%
945,Black Panther,97%
946,Fifty Shades Freed,12%
947,Peter Rabbit,64%
948,Anon,38%
949,Early Man,81%
950,The Forgiven,55%
951,Samson,25%
952,12 Strong,51%
953,Son of Bigfoot,76%
954,One October,100%
955,Catching Feelings,100%
956,The Insult (L'insulte),86%
957,Most Likely to Murder,62%
958,Mary and The Witch's Flower,89%
959,Black Cop,82%
960,Cold November,100%
961,Cargo,87%
962,Winchester,14%
963,Batman Ninja,81%
964,The Monkey King 3,33%
965,Submergence,21%
966,Class Rank,86%
967,Carter & June,13%
968,End Game,100%
969,The Kissing Booth,17%
970,Hari Kondabolu: Warn Your Relatives,100%
971,Ali Wong: Hard Knock Wife,100%
972,Tig Notaro: Happy to Be Here,100%
973,The Snowman,7%
974,Geostorm,16%
975,Step Sisters,22%
976,Showdown in Manila,0%
977,Blade Runner 2049,87%
978,"I, Daniel Blake",92%
979,The Sunshine Makers,100%
980,Jigsaw,33%
981,Aida's Secrets,100%
982,My Entire High School Sinking Into the Sea,84%
983,Crooked House,57%
984,Girl Flu.,83%
985,Chasing the Dragon,50%
986,Saturday Church,93%
987,Abe & Phil's Last Poker Game,73%
988,Happy Death Day,71%
989,9/11,11%
990,Loving Vincent,85%
991,Red Trees,56%
992,Inside,32%
993,The Final Year,84%
994,Earth: One Amazing Day,100%
995,Beyond Skyline,63%
996,Gangster Land (In the Absence of Good Men),0%
997,What Lies Upstream,100%
998,The Midnight Man,30%
999,The Open House,23%
1000,The Revival,78%
1001,Tom Segura: Disgraceful,100%
1002,Katt Williams: Great America,80%
1003,Todd Glass: Act Happy,100%
1004,Delirium,0%
1005,My Little Pony: The Movie,48%
1006,American Made,86%
1007,Thank You For Playing,90%
1008,Rebel in the Rye,28%
1009,Mark Felt: The Man Who Brought Down the White House,35%
1010,Battle of the Sexes,85%
1011,Marshall,80%
1012,Friend Request,17%
1013,Una,76%
1014,It,86%
1015,Breathe,68%
1016,Misfortune,20%
1017,The Foreigner,65%
1018,Brad's Status,79%
1019,The Tiger Hunter,78%
1020,Bad Day for the Cut,92%
1021,"Polina (Polina, danser sa vie)",84%
1022,Chavela,95%
1023,November Criminals,0%
1024,68 Kill,71%
1025,So B. It,40%
1026,Blame,80%
1027,Shock Wave,71%
1028,The Challenge,75%
1029,A Question of Faith,40%
1030,Psychopaths,24%
1031,The Adventurers,14%
1032,The Houses October Built 2,17%
1033,Trafficked,17%
1034,The Stolen,0%
1035,Bullet Head,59%
1036,Despicable Me 3,58%
1037,American Assassin,34%
1038,Tulip Fever,10%
1039,Logan Lucky,92%
1040,Endless Poetry (Poesía Sin Fin),93%
1041,Lost in Paris (Paris pieds nus),86%
1042,Karl Marx City,96%
1043,Better Watch Out,89%
1044,Kaleidoscope,62%
1045,Kepler's Dream,56%
1046,Love Is Thicker Than Water,43%
1047,The Women's Balcony (Ismach Hatani),96%
1048,The Osiris Child: Science Fiction Volume One,63%
1049,The Hatton Garden Job,18%
1050,Woodshock,23%
1051,Conor McGregor: Notorious,50%
1052,Gook,94%
1053,Crown Heights,76%
1054,Rememory,25%
1055,Boston,100%
1056,The New Radical,58%
1057,The Price,75%
1058,M.F.A.,77%
1059,The Crucifixion,6%
1060,Santoalla,85%
1061,Acts of Vengeance,55%
1062,Cuba And The Cameraman,100%
1063,The Newspaperman: The Life and Times of Ben Bradlee,94%
1064,Voyeur,82%
1065,Love Beats Rhymes,50%
1066,El Camino Christmas,40%
1067,Judd Apatow: The Return,86%
1068,The Nut Job 2: Nutty by Nature,15%
1069,Birth of the Dragon,24%
1070,Kirk Cameron's Saving Christmas,0%
1071,Valerian and the City of a Thousand Planets,47%
1072,Atomic Blonde,78%
1073,The Hitman's Bodyguard,43%
1074,After Love (L'économie du couple),88%
1075,Harmonium (Fuchi ni tatsu),100%
1076,Wind River,88%
1077,The Night Watchmen,83%
1078,Chasing Trane: The John Coltrane Documentary,75%
1079,From the Land of the Moon (Mal de pierres),33%
1080,My Journey Through French Cinema (Voyage À Travers Le Cinéma Français),100%
1081,Dark Signal,33%
1082,Good Time,92%
1083,Leap!,40%
1084,Landline,74%
1085,Mudbound,97%
1086,Beach Rats,85%
1087,Savage Dog,73%
1088,Walk With Me,80%
1089,The Evil Within,100%
1090,A Gray State,100%
1091,The Villainess (Ak-Nyeo),83%
1092,Nails,44%
1093,Jungle,60%
1094,California Typewriter,100%
1095,Rift (Rökkur),92%
1096,Almost Friends,29%
1097,Cook Off!,14%
1098,"Jim & Andy: The Great Beyond - Featuring a Very Special, Contractually Obligated Mention of Tony Clifton",96%
1099,A Christmas Prince,73%
1100,Moses and Aaron,100%
1101,The Dark Tower,16%
1102,Amityville: The Awakening,32%
1103,Kidnap,38%
1104,Age Of Kill,0%
1105,Cars 3,69%
1106,The Journey,69%
1107,Whisky Galore,39%
1108,Your Name. (Kimi No Na Wa.),97%
1109,The Secret Scripture,36%
1110,The Limehouse Golem,73%
1111,Daguerrotype (Le secret de la chambre noire),46%
1112,"Literally, Right Before Aaron",25%
1113,Santa & Andrés,88%
1114,Hermia & Helena,84%
1115,Bitch,65%
1116,Person to Person,53%
1117,Ingrid Goes West,86%
1118,Brigsby Bear,82%
1119,Newness,69%
1120,The Glass Castle,52%
1121,Most Beautiful Island,93%
1122,Julian Schnabel: A Private Portrait,50%
1123,Overdrive,23%
1124,Radius,92%
1125,11/8/16,75%
1126,Amanda and Jack Go Glamping,40%
1127,Gold Star,86%
1128,Same Kind of Different As Me,33%
1129,The Star,42%
1130,Coco,97%
1131,Sleeping Giant,87%
1132,Murder On The Orient Express,60%
1133,Lady Bird,99%
1134,"Three Billboards Outside Ebbing, Missouri",90%
1135,The Man From Earth: Holocene,50%
1136,Wonder Wheel,31%
1137,Just Getting Started,5%
1138,Sami Blood,96%
1139,Darkest Hour,85%
1140,Mom and Dad,75%
1141,Daddy's Home 2,21%
1142,The Chamber,36%
1143,Mad to Be Normal,64%
1144,Dance Academy: The Comeback,100%
1145,Like Me,73%
1146,Mute,20%
1147,My Friend Dahmer,87%
1148,The Florida Project,96%
1149,Midnighters,83%
1150,American Satan,71%
1151,The Lodgers,56%
1152,Ravenous (Les affamés),87%
1153,Let There Be Light,30%
1154,Hangman,5%
1155,Notes From The Field,100%
1156,Curvature,47%
1157,Survivors Guide to Prison,100%
1158,The Lullaby,64%
1159,Irreplaceable You,32%
1160,Justice League,40%
1161,Ferdinand,71%
1162,Court,98%
1163,Thor: Ragnarok,93%
1164,The Disaster Artist,91%
1165,The Breadwinner,95%
1166,Porto,50%
1167,1:54,57%
1168,Call Me by Your Name,95%
1169,The Young Karl Marx (Le jeune Karl Marx),60%
1170,Song of Granite,85%
1171,Frank Serpico,75%
1172,The Clapper,24%
1173,Hondros,100%
1174,The Shape of Water,92%
1175,The Man Who Invented Christmas,79%
1176,"Faces Places (Visages, villages)",99%
1177,Imitation Girl,100%
1178,Kickboxer: Retaliation,92%
1179,"I, Tonya",89%
1180,Arthur Miller: Writer,91%
1181,Allure,45%
1182,Josie,13%
1183,Ricky Gervais: Humanity,43%
1184,Benji,60%
1185,Demon House,40%
1186,Juggernaut,57%
1187,Take Your Pills,62%
1188,Prodigy,73%
1189,Spider-Man: Homecoming,92%
1190,War for the Planet of the Apes,94%
1191,Girls Trip,91%
1192,The Babysitter,72%
1193,Annabelle: Creation,70%
1194,Everybody Knows... Elizabeth Murray,100%
1195,The Emoji Movie,7%
1196,The Meyerowitz Stories (New and Selected),93%
1197,Red Christmas,44%
1198,Lady Macbeth,88%
1199,Bushwick,46%
1200,78/52: Hitchcock's Shower Scene,88%
1201,RUMBLE: The Indians Who Rocked the World,91%
1202,An Inconvenient Sequel: Truth To Power,79%
1203,A Very Sordid Wedding,86%
1204,The Midwife (Sage femme),89%
1205,Wasted! The Story of Food Waste,100%
1206,Shot Caller,66%
1207,Pilgrimage,68%
1208,God of War,80%
1209,Open Water 3: Cage Dive,25%
1210,The Wilde Wedding,29%
1211,Batman vs. Two-Face,100%
1212,One of Us,96%
1213,Beside Bowie: The Mick Ronson Story,80%
1214,Wheelman,87%
1215,Kingdom of Us,100%
1216,B&B,88%
1217,1922,90%
1218,Creep 2,100%
1219,Patton Oswalt: Annihilation,100%
1220,Joan Didion: The Center Will Not Hold,89%
1221,Maurice,90%
1222,London's Finest (Hackney's Finest),40%
1223,Goon: Last of the Enforcers,42%
1224,The Last Face,7%
1225,Demon,92%
1226,Baywatch,18%
1227,The Incomparable Rose Hartman,75%
1228,One Week and a Day (Shavua ve Yom),90%
1229,My Cousin Rachel,76%
1230,Rough Night,44%
1231,Man in Red Bandana,63%
1232,Raw,92%
1233,The Wedding Plan,86%
1234,Heal the Living (Réparer les vivants),92%
1235,Paris Can Wait (Bonjour Anne),46%
1236,All Eyez on Me,18%
1237,A Dark Song,92%
1238,SCORE: A Film Music Documentary,94%
1239,Unlocked,27%
1240,Megan Leavey,87%
1241,Band Aid,85%
1242,The Queen of Spain (La reina de España),31%
1243,The Good Catholic,42%
1244,Inconceivable,31%
1245,Batman and Harley Quinn,45%
1246,Anti Matter,87%
1247,Gun Shy,0%
1248,The Vault,26%
1249,A Boy Called Po,31%
1250,The Atoning,60%
1251,Little Evil,92%
1252,Marc Maron: Too Real,80%
1253,Smurfs: The Lost Village,40%
1254,Violet,82%
1255,Kong: Skull Island,75%
1256,The Fate of the Furious,67%
1257,Spark: A Space Tail,14%
1258,Song to Song,44%
1259,Gifted,73%
1260,Buster's Mal Heart,72%
1261,Okja,86%
1262,Free Fire,69%
1263,Awakening the Zodiac,42%
1264,A Quiet Passion,92%
1265,Unforgettable,26%
1266,American Fable,73%
1267,The Lost City of Z,86%
1268,Love at First Child (Ange et Gabrielle),50%
1269,Vincent N Roxxy,41%
1270,The Final Master,67%
1271,Tommy's Honour,66%
1272,The Zookeeper's Wife,62%
1273,Norman (Norman: The Moderate Rise and Tragic Fall of a New York Fixer),89%
1274,Message from the King,45%
1275,The Promise,50%
1276,Their Finest,90%
1277,To the Bone,71%
1278,Chasing Coral,100%
1279,Killing Ground,75%
1280,2:22,22%
1281,Drone,27%
1282,Resident Evil: Vendetta,43%
1283,First Kill,12%
1284,The Gracefield Incident,11%
1285,The Killer Is Loose,60%
1286,Absolutely Anything,18%
1287,Saban's Power Rangers,50%
1288,The Lego Batman Movie,89%
1289,Dying To Know: Ram Dass & Timothy Leary,78%
1290,No Stranger Than Love,7%
1291,Growing Up Smith (Good Ol' Boy),73%
1292,Admiral (Michiel de Ruyter),60%
1293,Wilson,48%
1294,CHIPS,18%
1295,Alone in Berlin,58%
1296,John Wick: Chapter 2,89%
1297,Dirty Dancing,19%
1298,Life,67%
1299,Rainbow Time,67%
1300,T2 Trainspotting,80%
1301,Correspondence (La corrispondenza),14%
1302,The Belko Experiment,52%
1303,The Autopsy of Jane Doe,86%
1304,Bitter Harvest,14%
1305,Un Padre No Tan Padre,75%
1306,Railroad Tigers,39%
1307,Everybody Loves Somebody,93%
1308,King Charles III,100%
1309,Legion of Brothers,100%
1310,Berlin Syndrome,75%
1311,This Beautiful Fantastic,64%
1312,Hearing Is Believing,60%
1313,"Can't Stop, Won't Stop: A Bad Boy Story",38%
1314,"Oh, Hello On Broadway",88%
1315,You Get Me,0%
1316,Rory Scovel Tries Stand-up For The First Time,89%
1317,Daughters of the Dust,98%
1318,Walking With The Enemy,45%
1319,Monster Trucks,32%
1320,Love Thy Nature,30%
1321,The Outcasts,50%
1322,The Founder,81%
1323,Rogue One: A Star Wars Story,84%
1324,The Bounce Back,67%
1325,The Blackout Experiments,45%
1326,Newtown,94%
1327,Paterson,96%
1328,Backgammon,0%
1329,War on Everyone,60%
1330,Office Christmas Party,40%
1331,Punching Henry,83%
1332,Lion,85%
1333,Hidden Figures,93%
1334,Youth in Oregon,45%
1335,Toni Erdmann,93%
1336,We Go On,100%
1337,Sandy Wexler,27%
1338,Brimstone,42%
1339,Before the Flood,73%
1340,The Duelist (Duelyant),43%
1341,SHOT!: The Psycho-Spiritual Mantra of Rock,94%
1342,Sword Master,67%
1343,The Dark Tapes,89%
1344,Believe,33%
1345,Bethany,29%
1346,Speech & Debate,55%
1347,Teen Titans: The Judas Contract,83%
1348,Win It All,84%
1349,Love with the Proper Stranger,89%
1350,The Mummy,16%
1351,47 Meters Down,54%
1352,Captain Underpants: The First Epic Movie (Captain Underpants),88%
1353,Wonder Woman,93%
1354,First They Killed My Father,88%
1355,Queen of the Desert,18%
1356,The Devil's Candy,92%
1357,The Music of Strangers: Yo-Yo Ma and the Silk Road Ensemble,84%
1358,The Treasure,95%
1359,Certain Women,91%
1360,Transformers: The Last Knight,15%
1361,The Bad Batch,47%
1362,SEED: The Untold Story,92%
1363,Jesus,77%
1364,Soul on a String,89%
1365,Citizen Jane: Battle for the City,95%
1366,It Stains the Sands Red,67%
1367,The Big Sick,98%
1368,The Little Hours,78%
1369,Strong Island,100%
1370,The Hero,77%
1371,Buena Vista Social Club: Adios,68%
1372,Manifesto,76%
1373,It Comes At Night,87%
1374,Easy Living,78%
1375,Last Rampage,60%
1376,Footnotes (Sur quel pied danser),63%
1377,Clowntergeist,17%
1378,Jerry Before Seinfeld,95%
1379,Gaga: Five Foot Two,74%
1380,Heroin(e),100%
1381,Multiple Maniacs,100%
1382,Assassin's Creed,18%
1383,Solace,25%
1384,Passengers,30%
1385,Moana,96%
1386,I Am Michael,64%
1387,The Brand New Testament (Le tout nouveau testament),82%
1388,Uncertain,100%
1389,Man Down,15%
1390,Tanna,92%
1391,Jackie,87%
1392,The Eyes of My Mother,78%
1393,Collateral Beauty,14%
1394,Incarnate,18%
1395,From Nowhere,92%
1396,The Love Witch,95%
1397,Always Shine,91%
1398,Johnny Frank Garrett's Last Word,50%
1399,"Mother, May I Sleep with Danger?",62%
1400,Being 17 (Quand on a 17 ans),95%
1401,Fences,92%
1402,Elle,91%
1403,Cold War 2,56%
1404,New Life,29%
1405,La Leyenda del Chupacabras,25%
1406,Trespass Against Us,57%
1407,100 Streets,41%
1408,The C Word,100%
1409,Stray Bullets,75%
1410,Deidra & Laney Rob a Train,92%
1411,Burning Sands,88%
1412,Amy Schumer: The Leather Special,50%
1413,The Trouble with Terkel,40%
1414,Blood On The Mountain,90%
1415,Resistance,65%
1416,Beauty And The Beast (La belle et la bête),36%
1417,Doctor Strange,89%
1418,Shut In,9%
1419,Marinoni: The Fire in the Frame,70%
1420,Sound of Redemption: The Frank Morgan Story,100%
1421,Hacksaw Ridge,85%
1422,Chronic,76%
1423,Bad Santa 2,22%
1424,Sophie and the Rising Sun,64%
1425,Manchester by the Sea,96%
1426,All We Had,42%
1427,Allied,60%
1428,Lavender,35%
1429,Rules Don't Apply,55%
1430,Nocturnal Animals,74%
1431,Officer Downe,33%
1432,Moonlight,98%
1433,In Dubious Battle,30%
1434,Contract to Kill,0%
1435,Creepy (Kuripi: Itsuwari no rinjin),91%
1436,The Grace of Jake,80%
1437,Drifter,36%
1438,I don't feel at home in this world anymore.,89%
1439,VooDoo,29%
1440,The Institute,0%
1441,Trevor Noah: Afraid Of The Dark,100%
1442,Mike Birbiglia: Thank God for Jokes,100%
1443,Human Flow,91%
1444,Ha-shoter (Policeman),61%
1445,Girlfriend's Day,43%
1446,Bleed For This,69%
1447,Billy Lynn's Long Halftime Walk,44%
1448,Speed Sisters,92%
1449,Golden Kingdom,100%
1450,Bleak Street (La calle de la amargura),55%
1451,Desierto,63%
1452,"Look at Us Now, Mother!",80%
1453,Antibirth,69%
1454,The Eagle Huntress,93%
1455,Frank & Lola,69%
1456,Cameraperson,99%
1457,Christine,88%
1458,The Edge of Seventeen,94%
1459,Hunter Gatherer,96%
1460,Little Sister,94%
1461,Loving,89%
1462,King Cobra,49%
1463,Nerdland,23%
1464,Almost Christmas,50%
1465,Left on Purpose,88%
1466,Come What May,45%
1467,Abattoir,35%
1468,Arrival,94%
1469,Spin Out,13%
1470,Tharlo,89%
1471,Seasons (Les saisons),96%
1472,1 Night (One Night),33%
1473,The Crash (Jekyll Island),17%
1474,Sex Doll,0%
1475,Eagles of Death Metal: Nos Amis (Our Friends),100%
1476,Brothers Hypnotic,100%
1477,Fantastic Beasts and Where to Find Them,74%
1478,Live By Night,35%
1479,A Monster Calls,86%
1480,The Creeping Garden,95%
1481,A Tale of Love and Darkness,70%
1482,Evolution,82%
1483,Why Him?,39%
1484,Sing,72%
1485,Julieta,84%
1486,Despite The Falling Snow,9%
1487,Miss Sloane,76%
1488,Fire at Sea (Fuocoammare),94%
1489,Patriots Day,80%
1490,The Discovery,45%
1491,Arsenal,3%
1492,Tower,99%
1493,Bakery in Brooklyn (My Bakery in Brooklyn),43%
1494,A Kind of Murder,33%
1495,Is That a Gun in Your Pocket?,0%
1496,The Brooklyn Banker,20%
1497,20th Century Women,89%
1498,Carrie Pilby,62%
1499,Don't Hang Up,25%
1500,Silence,83%
1501,Bokeh,45%
1502,The Most Hated Woman In America,40%
1503,Dig Two Graves,76%
1504,What Alice Found,68%
1505,The Hollow Point,36%
1506,Max Steel,0%
1507,Deepwater Horizon,83%
1508,Snowden,60%
1509,Keeping Up With The Joneses,18%
1510,When the Bough Breaks,13%
1511,Ouija: Origin of Evil,82%
1512,Kevin Hart: What Now?,75%
1513,The Accountant,51%
1514,Hitchcock/Truffaut,96%
1515,Reset (Relève: Histoire d'une création),71%
1516,Closet Monster,80%
1517,Denial,82%
1518,Middle School: The Worst Years of My Life,63%
1519,The Birth of a Nation,72%
1520,Operation Avalanche,68%
1521,The Monkey King 2 (San Da Bai Gu Jing),100%
1522,American Honey,80%
1523,Under The Shadow,99%
1524,Zero Days,91%
1525,Claire in Motion,59%
1526,Long Way North (Tout en haut du monde),98%
1527,Blair Witch,37%
1528,Train to Busan (Busanhaeng),93%
1529,Bright Lights: Starring Carrie Fisher and Debbie Reynolds,100%
1530,Yarn,78%
1531,Attack of the Lederhosen Zombies,55%
1532,Roger Corman's Death Race 2050,88%
1533,Come And Find Me,62%
1534,Jim Gaffigan: Cinco,83%
1535,Neal Brennan: 3 Mics,100%
1536,Jianyu (Reign of Assassins),70%
1537,The Lost Bladesman (Guan yun chang),57%
1538,Star Trek Beyond,86%
1539,Schneider vs. Bax,63%
1540,Skiptrace,38%
1541,"My Love, Don't Cross That River",77%
1542,Deep Web,75%
1543,The Sea of Trees,15%
1544,Nine Lives,14%
1545,Captain Fantastic,82%
1546,Christmas Eve,0%
1547,Lights Out,76%
1548,Lucha Mexico,69%
1549,Uncle Nick,50%
1550,Milton's Secret,38%
1551,The Apostate (El Apóstata),78%
1552,Norman Lear: Just Another Version of You,86%
1553,Imperium,85%
1554,Gleason,96%
1555,Who's Driving Doug,20%
1556,Bad Moms,58%
1557,Nerve,67%
1558,Papa: Hemingway in Cuba,12%
1559,Mr. Church,24%
1560,Anthropoid,66%
1561,My Dead Boyfriend,0%
1562,Into the Inferno,92%
1563,The Ivory Game,81%
1564,Batman: Return Of The Caped Crusaders,94%
1565,I Am the Pretty Thing That Lives in the House,58%
1566,The Unspoken,0%
1567,Orange Sunshine,100%
1568,Nappily Ever After,71%
1569,Gotti,0%
1570,Solo: A Star Wars Story,70%
1571,Jurassic World: Fallen Kingdom,48%
1572,Sicario: Day of the Soldado,63%
1573,Billionaire Boys Club,7%
1574,The First Purge,55%
1575,The Gardener,75%
1576,Skyscraper,47%
1577,After Louie,75%
1578,The Song of Sway Lake,42%
1579,The Basement,11%
1580,Pin Cushion,89%
1581,Sollers Point,85%
1582,Ramen Heads,60%
1583,Eighth Grade,99%
1584,Damsel,69%
1585,White Rabbit,88%
1586,I Think We're Alone Now,64%
1587,The Seagull,67%
1588,Gonjiam: Haunted Asylum,91%
1589,"Love, Gilda",88%
1590,Diane,88%
1591,Siberia,11%
1592,Occupation,47%
1593,Little Italy,18%
1594,Bleach,80%
1595,The Land of Steady Habits,86%
1596,E-Demon,40%
1597,Quincy,82%
1598,American Dresser,0%
1599,Lost Child,44%
1600,Cat People,93%
1601,The Story of the Last Chrysanthemums,93%
1602,The Conjuring 2,80%
1603,Captain America: Civil War,91%
1604,Misconception,40%
1605,Teenage Mutant Ninja Turtles: Out of the Shadows,37%
1606,Take Me To The River,74%
1607,Neighbors 2: Sorority Rising,63%
1608,Free State of Jones,46%
1609,Popstar: Never Stop Never Stopping,78%
1610,They Will Have to Kill Us First,100%
1611,Presenting Princess Shaw,91%
1612,The Automatic Hate,67%
1613,All the Way,88%
1614,The Meddler,85%
1615,Compadres,38%
1616,Genius,53%
1617,Colliding Dreams,94%
1618,The Darkness,3%
1619,The Fits,97%
1620,Under The Sun,93%
1621,The Lovers And The Despot,78%
1622,My Blind Brother,81%
1623,The Good Neighbor,29%
1624,Sacrifice,31%
1625,Marauders,21%
1626,The Beatles: Eight Days a Week - The Touring Years,96%
1627,Brother Nature,57%
1628,Dancer,88%
1629,The White Helmets,100%
1630,ARQ,43%
1631,Moments of Clarity,40%
1632,Chimes at Midnight,98%
1633,Now You See Me 2,34%
1634,The Jungle Book,95%
1635,Ratchet & Clank,22%
1636,Me Before You,55%
1637,Hockney,85%
1638,Equals,35%
1639,"What Happened, Miss Simone?",89%
1640,Wiener-Dog,74%
1641,The Seventh Fire,92%
1642,Beautiful Something,57%
1643,Money Monster,58%
1644,Downriver,89%
1645,A Bigger Splash,90%
1646,The Man Who Knew Infinity,62%
1647,Neon Bull (Boi Neon),87%
1648,Sunset Song,81%
1649,The Ones Below,75%
1650,Night of the Living Deb,88%
1651,Klown Forever (Klovn Forever),59%
1652,Maggie's Plan,86%
1653,The Intervention,78%
1654,Weiner,96%
1655,Jane Wants a Boyfriend,29%
1656,Love & Friendship,97%
1657,I Am Not a Serial Killer,93%
1658,Buddymoon,75%
1659,Citizen Soldier,86%
1660,XOXO,71%
1661,Ace the Case: Manhattan Mystery,20%
1662,Floyd Norman: An Animated Life,93%
1663,The Neighbor,67%
1664,"Tell Me That You Love Me, Junie Moon",22%
1665,Indigo Children,20%
1666,The Angry Birds Movie,43%
1667,A Hologram for the King,72%
1668,Little White Lie,80%
1669,Sea Fog (Haemoo),77%
1670,The Bronze,35%
1671,Last Days In The Desert,77%
1672,Songs My Brothers Taught Me,91%
1673,Lazer Team,59%
1674,Summer Camp,50%
1675,God's Not Dead 2,8%
1676,Sun Choke,88%
1677,Louder Than Bombs,73%
1678,April and the Extraordinary World (Avril et le monde truqué),96%
1679,Keanu,77%
1680,Parched,86%
1681,Fathers And Daughters,28%
1682,Disorder (Maryland),72%
1683,11 Minutes (11 Minut),72%
1684,Five Nights in Maine,28%
1685,Richard Linklater: Dream Is Destiny,94%
1686,The Land,68%
1687,High Strung,75%
1688,Sundown,9%
1689,Amateur Night,0%
1690,Billionaire Ransom (Take Down),20%
1691,Kampai! For the Love of Sake,33%
1692,David Cross: Making America Great Again,71%
1693,Tricked (Steekspel),40%
1694,Batman v Superman: Dawn of Justice,28%
1695,Search Party,11%
1696,Boy and the World (O Menino e o Mundo),93%
1697,The Divergent Series: Allegiant,11%
1698,The Dark Horse,97%
1699,Everybody Wants Some!!,87%
1700,Circle,60%
1701,Green Room,90%
1702,Miracles from Heaven,44%
1703,By The Sea,35%
1704,Demolition,53%
1705,My Golden Days (Trois Souvenirs De Ma Jeunesse),89%
1706,The Debt (Oliver's Deal),44%
1707,My Big Night (Mi Gran Noche),90%
1708,No Men Beyond This Point,50%
1709,Elvis & Nixon,77%
1710,The Childhood of a Leader,89%
1711,Miles Ahead,73%
1712,The Dresser,100%
1713,Mountains May Depart (Shan he gu ren),91%
1714,Outlaws and Angels,29%
1715,The Perfect Match,25%
1716,Brahman Naman,75%
1717,Quitters,44%
1718,13 Cameras,77%
1719,Bling,33%
1720,Holidays,50%
1721,Free to Run,57%
1722,Ghost Team,11%
1723,Queen Of Spades: The Dark Rite,40%
1724,Undrafted,25%
1725,The Naked Island (Hadaka no shima),100%
1726,Pelé: Birth of a Legend,30%
1727,Regression,15%
1728,The Winding Stream,100%
1729,Theeb,97%
1730,Dirty Grandpa,11%
1731,Deadpool,84%
1732,Glassland,84%
1733,The Witch,90%
1734,The Boy,30%
1735,Creative Control,59%
1736,Bikes vs Cars,60%
1737,Emelie,88%
1738,Dolly Parton's Coat of Many Colors,78%
1739,A Perfect Day,73%
1740,Kill Zone 2 (Saat po long 2),100%
1741,Mothers and Daughters,18%
1742,Eisenstein In Guanajuato,61%
1743,Synchronicity,50%
1744,Where to Invade Next,79%
1745,Southbound,80%
1746,Janis: Little Girl Blue,94%
1747,The Messenger,83%
1748,Crush The Skull,100%
1749,Dementia,77%
1750,Submerged,25%
1751,Mojin: The Lost Legend,56%
1752,400 Days,22%
1753,The Curse of Sleeping Beauty,15%
1754,Elstree 1976,81%
1755,Hard Sell,33%
1756,Ali Wong: Baby Cobra,100%
1757,Heat and Dust,90%
1758,The Lego Ninjago Movie,55%
1759,The Mountain Between Us,39%
1760,Dunkirk,92%
1761,Stronger,90%
1762,Kingsman: The Golden Circle,52%
1763,mother!,69%
1764,Mayhem,85%
1765,Bright,27%
1766,The Unknown Girl (La fille inconnue),71%
1767,Killing Gunther,48%
1768,Detroit,84%
1769,Flatliners,4%
1770,Victoria & Abdul,66%
1771,Tomorrow Ever After,86%
1772,The King's Choice,84%
1773,Home Again,33%
1774,Axolotl Overkill,64%
1775,Viceroy's House,73%
1776,All Saints,95%
1777,The Trip to Spain,82%
1778,Love and Saucers,82%
1779,England Is Mine,52%
1780,"Manolo, The Boy Who Made Shoes For Lizards",68%
1781,Wolf Warrior II,69%
1782,4 Days in France (Jours de France),90%
1783,Leatherface,30%
1784,Jeepers Creepers 3,17%
1785,Brawl in Cell Block 99,91%
1786,Blood Money,50%
1787,Slumber,0%
1788,Christmas Inheritance,43%
1789,Jane Got a Gun,43%
1790,East Side Sushi,94%
1791,Norm of the North,9%
1792,Ride Along 2,13%
1793,The Revenant,79%
1794,Joy,60%
1795,The 5th Wave,15%
1796,Krampus,67%
1797,Phoenix,98%
1798,The Last Man On The Moon,94%
1799,The Lady In The Van,89%
1800,Bill,89%
1801,The Choice,11%
1802,Sembene!,91%
1803,A Royal Night Out,74%
1804,Drunk Stoned Brilliant Dead: The Story of the National Lampoon,87%
1805,Theory of Obscurity: A Film About the Residents,75%
1806,Ip Man 3,78%
1807,Tale of Tales (Il racconto dei racconti),83%
1808,Son of Saul,96%
1809,Fifty Shades of Black,7%
1810,Remember,70%
1811,Jack of the Red Hearts,50%
1812,Manson Family Vacation,100%
1813,Sky,60%
1814,All Mistakes Buried,67%
1815,Lamb,85%
1816,Backtrack,30%
1817,Misconduct,7%
1818,Special Correspondents,17%
1819,Crazy About Tiffany's,27%
1820,Patton Oswalt: Talking for Clapping,86%
1821,The Decline of Western Civilization,100%
1822,The Decline of Western Civilization Part II: The Metal Years,89%
1823,The Peanuts Movie,87%
1824,Victor Frankenstein,26%
1825,1982,78%
1826,The Night Before,67%
1827,Sunshine Superman,92%
1828,Noble,82%
1829,The Forbidden Room,96%
1830,Don Verdean,29%
1831,Creed,95%
1832,Jafar Panahi's Taxi,96%
1833,Legend,61%
1834,The Danish Girl,68%
1835,Miss You Already,71%
1836,The Benefactor,26%
1837,Grease: Live!,92%
1838,Gored,78%
1839,Youth,72%
1840,Victoria,82%
1841,Mountain Men,80%
1842,Narcopolis,18%
1843,Room,93%
1844,Ratter,60%
1845,Lost in Hong Kong,60%
1846,Road Games,83%
1847,A Country Called Home,17%
1848,Capture the Flag,48%
1849,All Roads Lead to Rome,0%
1850,Intruders,45%
1851,Pirates of the Caribbean: Dead Men Tell No Tales,30%
1852,The Layover,0%
1853,Baby Driver,93%
1854,Marjorie Prime,90%
1855,The Survivalist,96%
1856,Harold And Lillian: A Hollywood Love Story,97%
1857,"Top Cat Begins (Don Gato, el inicio de la pandilla)",17%
1858,The House,20%
1859,The Book of Henry,22%
1860,Mr. Gaga: A True Story of Love and Dance,86%
1861,Our Souls at Night,90%
1862,Realive,79%
1863,Maudie,89%
1864,Heartstone (Hjartasteinn),84%
1865,Fallen,7%
1866,The Beguiled,79%
1867,A Ghost Story,91%
1868,Wish Upon,20%
1869,The Wizard of Lies,74%
1870,Super Dark Times,89%
1871,Churchill,49%
1872,Sharknado 5: Global Swarming,30%
1873,Copwatch,56%
1874,The Death and Life of Marsha P. Johnson,96%
1875,Crash Pad,54%
1876,Cult of Chucky,78%
1877,Jackals,44%
1878,Don't Sleep,9%
1879,Cold Moon,71%
1880,Haunters: The Art of the Scare,100%
1881,Gerald's Game,91%
1882,The Legend Of 420,100%
1883,The Good Dinosaur,76%
1884,The 33,48%
1885,Spectre,63%
1886,Entertainment,83%
1887,99 Homes,93%
1888,Second Coming,76%
1889,Songs From The North,100%
1890,MI-5 (Spooks: The Greater Good),63%
1891,The Black Panthers: Vanguard Of The Revolution,92%
1892,I Smile Back,50%
1893,Grandma,91%
1894,Steve Jobs,86%
1895,The Iron Ministry,88%
1896,Secret in Their Eyes,39%
1897,Trumbo,74%
1898,King Georges,100%
1899,Bad Hurt,80%
1900,Frankenstein,100%
1901,My All American,32%
1902,Stink!,89%
1903,Spotlight,97%
1904,Cabin Fever,0%
1905,Criminal Activities,48%
1906,Yosemite,77%
1907,Extraction,6%
1908,Estranged,100%
1909,Diablo,19%
1910,Moonwalkers,41%
1911,The Girl in the Book,92%
1912,Marguerite & Julien (Marguerite et Julien),22%
1913,We Are Twisted F***ing Sister!,80%
1914,Rosencrantz and Guildenstern Are Dead,62%
1915,Life Tracker,100%
1916,Straight Outta Compton,88%
1917,Hotel Transylvania 2,56%
1918,The Intern,60%
1919,Samba,62%
1920,Everest,73%
1921,Night Will Fall,100%
1922,Sinister 2,15%
1923,Jem and the Holograms,22%
1924,The Martian,91%
1925,The Look of Silence,96%
1926,How to Smell a Rose: A Visit with Ricky Leacock at his Farm in Normandy,100%
1927,Eden,82%
1928,Learning To Drive,65%
1929,Paranormal Activity: The Ghost Dimension,14%
1930,The Diary Of A Teenage Girl,94%
1931,The Second Mother (Que Horas Ela Volta?),97%
1932,Irrational Man,46%
1933,I Am Thor,88%
1934,Woodlawn,73%
1935,Stonewall,10%
1936,Anesthesia,26%
1937,Ashby,52%
1938,All Things Must Pass: The Rise and Fall of Tower Records,94%
1939,Uncle John,83%
1940,Contracted: Phase II,38%
1941,Wrecker,0%
1942,This Changes Everything,53%
1943,The Inhabitants,71%
1944,Rabid Dogs (Enragés),67%
1945,Sweaty Betty,88%
1946,Shanghai,4%
1947,Pawn Sacrifice,72%
1948,The Green Inferno,37%
1949,Hell & Back,0%
1950,Sleeping with Other People,64%
1951,Pan,27%
1952,Infinitely Polar Bear,81%
1953,The Walk,83%
1954,Hitman: Agent 47,9%
1955,Dragon Blade (Tian jiang xiong shi),37%
1956,Black Mass,73%
1957,Northern Soul,78%
1958,Jenny's Wedding,25%
1959,Over Your Dead Body (Kuime),56%
1960,Bone Tomahawk,91%
1961,The Perfect Guy,18%
1962,The Visit,67%
1963,A Walk In The Woods,47%
1964,Experimenter,84%
1965,Nasty Baby,68%
1966,War Room,33%
1967,Deathgasm,87%
1968,Queen of Earth,94%
1969,Sicario,92%
1970,Close Range,86%
1971,Captive,27%
1972,Joe Dirt 2: Beautiful Loser,10%
1973,Scouts Guide to the Zombie Apocalypse,44%
1974,Prince,71%
1975,Heist,29%
1976,Memories of the Sword,75%
1977,Palio,95%
1978,Tough Guys,57%
1979,Three Sisters,100%
1980,Collide,21%
1981,Beauty and the Beast,71%
1982,A Cure For Wellness,42%
1983,Dheepan,87%
1984,War Machine,48%
1985,The Shack,20%
1986,The Blackcoat's Daughter (February),73%
1987,Land of Mine (Under Sandet),91%
1988,Aftermath,42%
1989,Fist Fight,24%
1990,The Ticket,48%
1991,My Life as a Zucchini (Ma vie de courgette),98%
1992,A United Kingdom,84%
1993,Before I Fall,64%
1994,The Sense Of An Ending,76%
1995,Mine,17%
1996,The Assignment,34%
1997,Operation Mekong,78%
1998,Headshot,72%
1999,Voice from the Stone,36%
2000,All Nighter,8%
2001,The Last Word,39%
2002,Enter The Warriors Gate (Warrior's Gate),50%
2003,Journey to the West: The Demons Strike Back,58%
2004,96 Souls,0%
2005,Be Afraid,18%
2006,Shimmer Lake,60%
2007,Sarah Silverman: A Speck of Dust,100%
2008,Speedy,100%
2009,Ant-Man,83%
2010,Minions,55%
2011,Fantastic Four,9%
2012,Mission: Impossible Rogue Nation,93%
2013,Jellyfish Eyes,18%
2014,Ted 2,45%
2015,Fat,60%
2016,The Kindergarten Teacher (Haganenet),76%
2017,Time Out Of Mind,79%
2018,Maze Runner: The Scorch Trials,46%
2019,Wolf Totem,67%
2020,Mississippi Grind,91%
2021,Being Evel,97%
2022,The Hunting Ground,93%
2023,Knock Knock,37%
2024,Partisan,57%
2025,The Strongest Man,22%
2026,The Transporter Refueled,16%
2027,He Named Me Malala,72%
2028,Slow Learners,73%
2029,Amy,95%
2030,Roger Waters The Wall,100%
2031,Walt Before Mickey,17%
2032,90 Minutes In Heaven,24%
2033,Momentum,26%
2034,One & Two,44%
2035,Yakuza Apocalypse,63%
2036,"Sex, Death And Bowling",17%
2037,Finders Keepers,98%
2038,The Girl King,42%
2039,Lost in the Sun,20%
2040,Stations of the Elevated,100%
2041,The Man From U.N.C.L.E.,67%
2042,Shaun the Sheep Movie,99%
2043,Jerusalem,89%
2044,Desert Dancer,33%
2045,The Square (Al Midan),100%
2046,Cooties,45%
2047,Get Santa,77%
2048,Steve McQueen: The Man & Le Mans,77%
2049,Trash,66%
2050,American Ultra,42%
2051,Ricki And The Flash,64%
2052,Natural Resistance,86%
2053,A Hard Day,81%
2054,No Escape,46%
2055,Some Kind of Beautiful,6%
2056,Gringo Trails,71%
2057,Guidance,88%
2058,Tokyo Tribe,55%
2059,"Goodnight Mommy (Ich seh, Ich seh)",86%
2060,Sand Dollars (Dolares de Arena),94%
2061,L.A. Slasher,0%
2062,Kurt Cobain: Montage Of Heck,97%
2063,Meru,89%
2064,The Stanford Prison Experiment,84%
2065,Winning: The Racing Life Of Paul Newman,90%
2066,Unbranded,75%
2067,Once I Was A Beehive,75%
2068,Applesauce,63%
2069,Ronaldo,14%
2070,We Are Your Friends,38%
2071,John Mulaney: The Comeback Kid,100%
2072,Tomorrowland,50%
2073,What We Did on Our Holiday,73%
2074,Tio Papi,29%
2075,Dark Places,24%
2076,Particle Fever,96%
2077,Blackwood,40%
2078,The Falling,72%
2079,Get Married If You Can,20%
2080,Manglehorn,50%
2081,Insidious: Chapter 3,59%
2082,Harmontown,79%
2083,Magic Mike XXL,66%
2084,The Anomaly,0%
2085,Amour Fou,88%
2086,Mateo,63%
2087,Awake: The Life Of Yogananda,64%
2088,The Little Death,61%
2089,Sharknado 3: Oh Hell No!,36%
2090,Gravy,30%
2091,Last Shift,100%
2092,Air,17%
2093,Gloria,100%
2094,Batkid Begins,81%
2095,Fresh Dressed,90%
2096,Going Clear: Scientology and the Prison of Belief,95%
2097,Me and Earl and the Dying Girl,81%
2098,People Places Things,76%
2099,Ten Thousand Saints,58%
2100,Road Hard,50%
2101,We Are Still Here,95%
2102,Final Girl,31%
2103,Pod,75%
2104,The Squeeze,17%
2105,The Uncondemned,100%
2106,Triple Threat,70%
2107,Bumblebee,92%
2108,A Vigilante,92%
2109,The Field Guide to Evil,75%
2110,The Legend of Cocaine Island,78%
2111,Capernaum (Capharnaüm),90%
2112,No Alternative,83%
2113,White Chamber,43%
2114,Tucked,94%
2115,MFKZ,41%
2116,Vice,66%
2117,The Great Buster: A Celebration,93%
2118,Pokémon the Movie: The Power of Us,67%
2119,Out of Blue,37%
2120,Book of Monsters,75%
2121,Big Kill,22%
2122,The Quake (Skjelvet),84%
2123,The Mule,70%
2124,Rust Creek,84%
2125,Mirage (Durante la tormenta),71%
2126,The Highwaymen,57%
2127,Nancy Drew and the Hidden Staircase,67%
2128,The Dirt,39%
2129,American Relapse,100%
2130,We Are Boats,50%
2131,Amy Schumer Growing,79%
2132,Sobibor,75%
2133,Kevin Hart: Irresponsible,100%
2134,Almayer's Folly,85%
2135,Finding Dory,94%
2136,Sausage Party,83%
2137,Fort Tilden,88%
2138,Yoga Hosers,22%
2139,Mechanic: Resurrection,32%
2140,Kubo and the Two Strings,97%
2141,Mia Madre,84%
2142,Uncle Kent 2,73%
2143,War Dogs,60%
2144,Our Little Sister (Umimachi Diary),94%
2145,Band Of Robbers,78%
2146,The Similars (Los Parecidos),95%
2147,"Lo and Behold, Reveries of the Connected World",93%
2148,Indignation,82%
2149,Absolutely Fabulous: The Movie,58%
2150,Hands of Stone,44%
2151,Kickboxer: Vengeance,41%
2152,Tikkun,94%
2153,The True Memoirs of an International Assassin,0%
2154,Hell or High Water,97%
2155,Divines,83%
2156,Lazy Eye,67%
2157,Cardboard Boxer,38%
2158,Operator,100%
2159,Good Kids,33%
2160,Life on the Line,0%
2161,I.T.,9%
2162,Blue Jay,90%
2163,Army of One,25%
2164,The 24 Hour War,100%
2165,Marathon: The Patriots Day Bombing,90%
2166,Little Pink House,75%
2167,Super Troopers 2,33%
2168,Chappaquiddick,81%
2169,The Leisure Seeker,37%
2170,Future World,0%
2171,Lean on Pete,91%
2172,Isle of Dogs,90%
2173,Dream Big: Engineering Our World,100%
2174,Blumhouse's Truth or Dare,16%
2175,Love After Love,85%
2176,You Were Never Really Here,89%
2177,A Ciambra,89%
2178,Moss,71%
2179,A Quiet Place,95%
2180,Ruin Me,82%
2181,Disobedience,84%
2182,Traffik,29%
2183,Krystal,10%
2184,I Feel Pretty,36%
2185,Who's Watching Oliver,86%
2186,Operation Red Sea,78%
2187,The Night Eats the World (La nuit a dévoré le monde),84%
2188,The Con Is On,0%
2189,Incident In a Ghost Land (Ghostland),56%
2190,211,5%
2191,The Devil's Doorway,78%
2192,Rock Rubber 45s,100%
2193,How It Ends,19%
2194,Father of the Year,0%
2195,Jim Gaffigan: Noble Ape,100%
2196,Iliza Shlesinger: Elder Millennial,60%
2197,Monster Hunt (Zhuo Yao Ji),63%
2198,I Am Wrath,11%
2199,Criminal,30%
2200,Listening,17%
2201,The Boss,22%
2202,The Russian Woodpecker,96%
2203,Barbershop: The Next Cut,90%
2204,Requiem For The American Dream,92%
2205,Confirmation,83%
2206,The Lobster,88%
2207,Holding The Man,81%
2208,Mother's Day,6%
2209,Born To Be Blue,88%
2210,Hardcore Henry,50%
2211,River,85%
2212,Sing Street,95%
2213,Tallulah,85%
2214,The First Monday in May,77%
2215,The Trust,63%
2216,Most Likely to Die,40%
2217,The American Side,78%
2218,Batman: The Killing Joke,40%
2219,Traded,40%
2220,Edge of Winter,50%
2221,Can We Take a Joke?,55%
2222,Ants on a Shrimp,75%
2223,Guernica (Gernika),86%
2224,Ray Harryhausen: Special Effects Titan,92%
2225,Kung Fu Panda 3,87%
2226,Term Life,0%
2227,Whiskey Tango Foxtrot,68%
2228,Adventures in Babysitting,100%
2229,Roseanne for President!,60%
2230,Fastball,89%
2231,600 Miles,94%
2232,A Sinner in Mecca,86%
2233,Eye In The Sky,95%
2234,The Girl In The Photographs,14%
2235,The Wave (Bolgen),84%
2236,The Steps,33%
2237,The Brothers Grimsby,38%
2238,Francofonia,86%
2239,"Rabin, the Last Day",68%
2240,Carnage Park,62%
2241,The Fundamentals of Caring,77%
2242,Precious Cargo,0%
2243,Mad Tiger,64%
2244,The Phenom,79%
2245,The Duel,26%
2246,The Dog Lover,22%
2247,Vigilante Diaries,14%
2248,Out of Print,80%
2249,Andron (Andròn - The Black Labyrinth),0%
2250,Intruder,17%
2251,Satanic,0%
2252,We the Parents,67%
2253,Notes on Blindness,95%
2254,Alien: Covenant,66%
2255,Guardians of the Galaxy Vol. 2,84%
2256,Blood Ransom,20%
2257,Sin Alas,64%
2258,Snatched,36%
2259,The Dinner,46%
2260,Kiki,81%
2261,Eva Hesse,79%
2262,Betting on Zero,100%
2263,Wolves,33%
2264,After the Storm (Umi yori mo mada fukaku),96%
2265,11:55,100%
2266,How to Be a Latin Lover,38%
2267,King Arthur: Legend Of The Sword,31%
2268,Diary Of A Wimpy Kid: The Long Haul,18%
2269,The Wall,64%
2270,"Everything, Everything",45%
2271,The Case for Christ,59%
2272,Once Upon a Time in Venice,19%
2273,Death Note,39%
2274,Kill Switch,10%
2275,Naked,0%
2276,Hickok,57%
2277,Blind,19%
2278,The Ice Cream Truck,71%
2279,Unleashed,75%
2280,What Happened to Monday,57%
2281,The Monster Project,60%
2282,Descendants 2,67%
2283,Brad Paisley's Comedy Rodeo,60%
2284,Arctic Tale,61%
2285,The Boss Baby,52%
2286,Ghost in the Shell,43%
2287,The Circle,15%
2288,Colossal,80%
2289,The Legend of Ben Hall,50%
2290,Sleight,77%
2291,Going in Style,48%
2292,Godzilla Resurgence (Shin Godzilla),86%
2293,Wakefield,73%
2294,The Exception (The Kaiser's Last Kiss),75%
2295,Don't Knock Twice,22%
2296,House On Willow Street,60%
2297,Brave New Jersey,47%
2298,The Drowning,50%
2299,The Ottoman Lieutenant,17%
2300,Fun Mom Dinner,33%
2301,The Incredible Jessica James,88%
2302,Black Butterfly,42%
2303,Icarus,94%
2304,It's Not Yet Dark,95%
2305,Some Freaks,92%
2306,Phoenix Forgotten,41%
2307,The Hippopotamus,57%
2308,Good Fortune,78%
2309,Chronically Metropolitan,40%
2310,Armed Response,0%
2311,Burning Annie,50%
2312,xXx: Return of Xander Cage,45%
2313,A Fantastic Fear of Everything,34%
2314,Resident Evil: The Final Chapter,37%
2315,Logan,93%
2316,Fifty Shades Darker,11%
2317,Welcome To Happiness,27%
2318,The Commune (Kollektivet),71%
2319,Urban Hymn,58%
2320,The Space Between Us,16%
2321,A Street Cat Named Bob,77%
2322,Things to Come (L'avenir),99%
2323,The Great Wall,36%
2324,Burden,97%
2325,Between Us,50%
2326,Bad Rap,63%
2327,AWOL,93%
2328,Dying Laughing,89%
2329,Mom and Me,100%
2330,Rock Dog,47%
2331,Hounds of Love,88%
2332,The Void,78%
2333,Get Out,98%
2334,Dead Awake,20%
2335,Mommy Dead and Dearest,100%
2336,XX,70%
2337,Tracy Morgan: Staying Alive,83%
2338,Get Me Roger Stone,88%
2339,Danger Close,20%
2340,I Am Heath Ledger,86%
2341,"Norm Macdonald: Hitler's Dog, Gossip & Trickery",100%
2342,Hasan Minhaj: Homecoming King,78%
2343,Rings,8%
2344,Black Rose,13%
2345,La La Land,91%
2346,Gold,43%
2347,Camino,32%
2348,Sand Castle,47%
2349,A Dog's Purpose,35%
2350,The Bye Bye Man,19%
2351,We Are X,81%
2352,The Girl With All the Gifts,86%
2353,Underworld: Blood Wars,19%
2354,The Last Heist,11%
2355,Mean Dreams,80%
2356,The Red Turtle (La tortue rouge),93%
2357,The Salesman (Forushande),96%
2358,Beyond the Gates,81%
2359,Operation Chromite,33%
2360,Detour,63%
2361,The Resurrection of Gavin Stone,50%
2362,Disturbing The Peace,100%
2363,Tramps,95%
2364,The Levelling,94%
2365,Catfight,73%
2366,I Am Not Your Negro,98%
2367,Mifune: The Last Samurai,82%
2368,Rupture,18%
2369,The Comedian,24%
2370,Small Crimes,65%
2371,Rodney King,100%
2372,Maria Bamford: Old Baby,100%
2373,Rebels of the Neon God,100%
2374,The Forgotten Space,71%
2375,Southpaw,60%
2376,Pixels,16%
2377,The Human Centipede III (Final Sequence),17%
2378,Jurassic World,72%
2379,San Andreas,50%
2380,Seeds Of Time,67%
2381,Drug Lord: The Legend Of Shorty,63%
2382,Güeros,92%
2383,Max,38%
2384,Xenia,86%
2385,Tu Dors Nicole,100%
2386,Testament Of Youth,84%
2387,Paper Towns,57%
2388,Sunset Edge,69%
2389,Cut Snake,69%
2390,Meet Me In Montenegro,50%
2391,Hungry Hearts,63%
2392,Z For Zachariah,78%
2393,The Wolfpack,86%
2394,Dope,88%
2395,Call Me Lucky,85%
2396,The Gift,92%
2397,Faith Of Our Fathers,10%
2398,GTFO: Get the F&#% Out,100%
2399,7 Chinese Brothers,77%
2400,Dragon Ball Z: Resurrection 'F',83%
2401,The Vatican Tapes,20%
2402,Anthony Jeselnik: Thoughts and Prayers,100%
2403,American Pastoral,21%
2404,Trolls,76%
2405,Masterminds,33%
2406,Inferno,23%
2407,The Light Between Oceans,62%
2408,Imperial Dreams,92%
2409,Jack Reacher: Never Go Back,37%
2410,USS Indianapolis: Men of Courage,17%
2411,Antarctica: Ice & Sky (La glace et le ciel),89%
2412,A Month Of Sundays,63%
2413,Tyler Perry's Boo! A Madea Halloween,19%
2414,Shepherds and Butchers,56%
2415,"My Father, Die",64%
2416,The Anthropologist,100%
2417,Gimme Danger,94%
2418,Passage to Mars,29%
2419,I'm Not Ashamed,20%
2420,The Handmaiden (Ah-ga-ssi),95%
2421,Dr. Feelgood: Dealer or Healer?,83%
2422,The Monster,80%
2423,Eloise,0%
2424,iBoy,69%
2425,Phantasm,73%
2426,The Secret Life of Pets,73%
2427,Phantasm: Ravager,57%
2428,The Frontier,50%
2429,Odd Brodsky,100%
2430,The BFG,75%
2431,Jason Bourne,55%
2432,Don't Breathe,88%
2433,Pete's Dragon,88%
2434,The Hollars,46%
2435,For the Love of Spock,100%
2436,SiREN,65%
2437,The Great Gilly Hopkins,65%
2438,808,100%
2439,Oddball and the Penguins (Oddball),87%
2440,Attack On Titan: Part 2 (Shingeki no kyojin endo obu za warudo),50%
2441,Heart of a Dog,96%
2442,The Rocky Horror Picture Show: Let's Do the Time Warp Again,28%
2443,Mavis!,97%
2444,Author: The JT LeRoy Story,78%
2445,Kicks,87%
2446,The Wild Life,17%
2447,Don't Think Twice,98%
2448,Slash,91%
2449,Harry Benson: Shoot First,85%
2450,The Seasons in Quincy: Four Portraits of John Berger,70%
2451,"Olympic Pride, American Prejudice",100%
2452,Be My Cat: A Film for Anne,83%
2453,Ordinary World,47%
2454,Esteros,100%
2455,I Am Bolt,85%
2456,Run the Tide,9%
2457,Fake It So Real,91%
2458,The Dressmaker,56%
2459,Miss Peregrine's Home for Peculiar Children,64%
2460,Ben-Hur,25%
2461,Hillsong - Let Hope Rise,60%
2462,The Disappointments Room,0%
2463,Suicide Squad,27%
2464,The Magnificent Seven,63%
2465,Sugar Mountain,36%
2466,Storks,66%
2467,Southside With You,92%
2468,Sully,85%
2469,Bridget Jones's Baby,78%
2470,Greater,67%
2471,31,48%
2472,Equity,83%
2473,Little Men,96%
2474,Florence Foster Jenkins,88%
2475,Kill Command,75%
2476,A Man Called Ove (En man som heter Ove),90%
2477,In a Valley of Violence,76%
2478,Coming Through The Rye,70%
2479,Let's Be Evil,17%
2480,Dog Eat Dog,51%
2481,Morgan,38%
2482,Shelley,100%
2483,Barry,80%
2484,Pet,56%
2485,It Had to Be You,60%
2486,"No Pay, Nudity",71%
2487,Kill Ratio,0%
2488,Warcraft,28%
2489,Cell,11%
2490,X-Men: Apocalypse,47%
2491,The President,84%
2492,Central Intelligence,71%
2493,Mike and Dave Need Wedding Dates,37%
2494,The Purge: Election Year,55%
2495,City Of Gold,90%
2496,The Neon Demon,59%
2497,Danny Says,74%
2498,The Shallows,79%
2499,Into The Forest,76%
2500,The Mind's Eye,62%
2501,Ithaca,18%
2502,Complete Unknown,51%
2503,Audrie & Daisy,81%
2504,Swiss Army Man,71%
2505,Joshy,81%
2506,Goat,79%
2507,Hunt for the Wilderpeople,96%
2508,Eat That Question: Frank Zappa in His Own Words,92%
2509,Transpecos,91%
2510,Chicken People,100%
2511,The Late Bloomer,20%
2512,Sharknado: The 4th Awakens,15%
2513,Finding Altamira (Altamira),69%
2514,The Wailing (Goksung),99%
2515,Kingsglaive: Final Fantasy XV,12%
2516,Amanda Knox,83%
2517,ClownTown,9%
2518,Flock Of Dudes,36%
2519,Everlasting,100%
2520,Ready Player One,72%
2521,Brain on Fire,13%
2522,Another WolfCop,67%
2523,Rampage,51%
2524,Borg Vs. McEnroe,84%
2525,Where Is Kyra?,81%
2526,Gemini,70%
2527,7 Days in Entebbe,24%
2528,The Endless,93%
2529,Flower,49%
2530,Ismael's Ghosts (Les fantômes d'Ismaël),53%
2531,Double Lover (L'amant double),70%
2532,Blockers,83%
2533,The Female Brain,37%
2534,Journey's End,93%
2535,Tyler Perry's Acrimony,18%
2536,The Cured,68%
2537,Beirut,82%
2538,Tau,25%
2539,Finding Your Feet,68%
2540,White Fang (Croc-Blanc),80%
2541,Spinning Man,42%
2542,In Darkness,46%
2543,The Legacy of a Whitetail Deer Hunter,30%
2544,Terminal,21%
2545,Escape Plan 2: Hades,8%
2546,Hover,20%
2547,Us & Them,100%
2548,Sunset,29%
2549,Recovery Boys,100%
2550,Calibre,94%
2551,W. Kamau Bell: Private School Negro,82%
2552,Little Fauss and Big Halsy,33%
2553,Ghostbusters,74%
2554,Bayou Maharajah,86%
2555,Independence Day: Resurgence,29%
2556,Alice Through the Looking Glass,29%
2557,Ice Age: Collision Course,17%
2558,The Legend of Tarzan,36%
2559,The Beat Beneath My Feet,50%
2560,The Infiltrator,71%
2561,The Siege of Jadotville,60%
2562,Breaking A Monster,100%
2563,Sherpa,98%
2564,Café Society,71%
2565,Mascots,49%
2566,Len and Company,70%
2567,Blinky Bill The Movie,73%
2568,Our Kind of Traitor,72%
2569,"Life, Animated",94%
2570,Sky Ladder: The Art of Cai Guo-Qiang,100%
2571,We The People: The Market Basket Effect,78%
2572,"Fear, Inc.",45%
2573,Jack Goes Home,18%
2574,Blood Father,88%
2575,Approaching the Unknown,43%
2576,Hillary's America: The Secret History of the Democratic Party,4%
2577,Front Cover,82%
2578,Spaceman,0%
2579,Autumn Lights,14%
2580,Ovation!,43%
2581,Justin Timberlake + The Tennessee Kids,100%
2582,"Hail, Caesar!",86%
2583,Knight of Cups,47%
2584,Careful What You Wish For,17%
2585,Stand Clear Of The Closing Doors,88%
2586,The Young Messiah,46%
2587,The Keeper of Lost Causes (Kvinden i buret),70%
2588,Zootopia,97%
2589,Altered Minds (The Red Robin),50%
2590,London Has Fallen,26%
2591,45 Years,97%
2592,Kill Your Friends,23%
2593,Seve the Movie,73%
2594,My Big Fat Greek Wedding 2,28%
2595,Lucky Stiff,40%
2596,Raiders!: The Story of the Greatest Fan Film Ever Made,91%
2597,Eddie The Eagle,82%
2598,Every Thing Will Be Fine,28%
2599,One More Time (When I Live My Life Over Again),52%
2600,"Hello, My Name is Doris",84%
2601,Those People,80%
2602,Puerto Ricans In Paris,36%
2603,The Absent One (Fasandraeberne),92%
2604,King Jack,94%
2605,Mr. Right,44%
2606,Embrace Of The Serpent (El Abrazo De La Serpiente),96%
2607,10 Cloverfield Lane,90%
2608,Get a Job,5%
2609,Blackway,20%
2610,A Conspiracy of Faith (Flaskepost fra P),100%
2611,The Last King,89%
2612,Comradeship (Kameradschaft),88%
2613,LBJ,57%
2614,A Futile and Stupid Gesture,67%
2615,Old Stone (Lao Shi),96%
2616,Red Dog: True Blue,100%
2617,All I See Is You,27%
2618,The Odyssey (L'odyssée),63%
2619,A Bad Moms Christmas,31%
2620,Take Every Wave: The Life of Laird Hamilton,76%
2621,Walking Out,90%
2622,God's Own Country,97%
2623,On Body and Soul (A Teströl és Lélekröl),89%
2624,American Folk,76%
2625,Thank You for Your Service,77%
2626,Goodbye Christopher Robin,63%
2627,The Killing of a Sacred Deer,80%
2628,The Square,85%
2629,Tyler Perry's Boo 2! A Madea Halloween,5%
2630,Professor Marston & The Wonder Women,86%
2631,Last Flag Flying,78%
2632,Napping Princess (Hirune-hime: Shiranai watashi no monogatari),63%
2633,Victor Crowley,67%
2634,Blood Honey,14%
2635,24 Hours to Live,52%
2636,Just Charlie,100%
2637,Batman: Gotham by Gaslight,73%
2638,Kill Order,14%
2639,Day of the Dead: Bloodline,13%
2640,Accident Man,100%
2641,The Music of Silence,0%
2642,Fred Armisen: Standup For Drummers,67%
2643,Counterfeiters,67%
2644,The Golden Dream (La Jaula De Oro),89%
2645,Pride and Prejudice and Zombies,44%
2646,The Finest Hours,64%
2647,No No: A Dockumentary,97%
2648,Gods Of Egypt,16%
2649,Race,61%
2650,Triple 9,53%
2651,How To Be Single,46%
2652,Mark of the Witch (Another),43%
2653,Helicopter Mom,17%
2654,The Damned: Don't You Wish That We Were Dead,100%
2655,Zoolander 2,23%
2656,Risen,53%
2657,Rise of the Legend (Huang feihong zhi yingxiong you meng ),63%
2658,Song Of Lahore,100%
2659,13 Hours: The Secret Soldiers Of Benghazi,51%
2660,Anomalisa,92%
2661,The Other Side of the Door,35%
2662,Darling,71%
2663,Touched With Fire,68%
2664,The Funhouse Massacre,69%
2665,Under the Gun,100%
2666,Manhattan Night (Manhattan Nocturne),36%
2667,Memoria,100%
2668,Urge,0%
2669,Bo Burnham: Make Happy,100%
2670,The Invitation,88%
2671,Star Wars: Episode VII - The Force Awakens,93%
2672,The Nightingale (Ye Ying - Le promeneur d'oiseau),90%
2673,Patrick's Day,100%
2674,Creep,89%
2675,Of Men And War,100%
2676,The Forest,10%
2677,The Lady in the Car with Glasses and a Gun (La dame dans l'auto avec un fusil et des lunettes),80%
2678,Cartel Land,90%
2679,The Hallow (The Woods),71%
2680,Concussion,59%
2681,A Poem Is A Naked Person,87%
2682,Dixieland,10%
2683,Killing Them Safely (Tom Swift And His Electric Rifle),91%
2684,The Masked Saint,14%
2685,Veteran,90%
2686,Mojave,31%
2687,6 Years,69%
2688,Cherry Tree,9%
2689,Mustang,97%
2690,Forsaken,42%
2691,Havana Motor Club,88%
2692,Tumbledown,70%
2693,#Horror,50%
2694,Codegirl,60%
2695,Anguish,62%
2696,Ava's Possessions,64%
2697,Exposed,8%
2698,Standoff,56%
2699,About Scout,60%
2700,Hostile Border (Pocha: Manifest Destiny),67%
2701,Hush,92%
2702,Rhythm 'N' Bayous: A Road Map To Louisiana Music,40%
2703,Addiction Incorporated,72%
2704,Point Break,10%
2705,Sisters,60%
2706,The Hunger Games: Mockingjay - Part 2,70%
2707,In the Heart of the Sea,43%
2708,Alvin and the Chipmunks: The Road Chip,15%
2709,Brooklyn,97%
2710,Daddy's Home,31%
2711,We Come as Friends,97%
2712,Break Point,70%
2713,The Big Short,88%
2714,Macbeth,80%
2715,The Tribe,88%
2716,The Letters,27%
2717,Carol,94%
2718,James White,92%
2719,The Mask You Live In,60%
2720,Steve Jobs: Man in the Machine,77%
2721,Love,40%
2722,The Program,62%
2723,Mediterranea,90%
2724,What Our Fathers Did: A Nazi Legacy,90%
2725,Hyena Road,55%
2726,Baskin,78%
2727,Dreams Rewired,75%
2728,Noma: My Perfect Storm,55%
2729,The Preppie Connection,11%
2730,Bleed,43%
2731,They're Watching,47%
2732,The Brainwashing of My Dad,58%
2733,Goosebumps,78%
2734,Jobriath A.D.,64%
2735,Crimson Peak,73%
2736,Rock the Kasbah,8%
2737,The New Girlfriend,80%
2738,Suffragette,73%
2739,Bridge of Spies,91%
2740,Kahlil Gibran's The Prophet,66%
2741,Take Me to the River,72%
2742,The Last Witch Hunter,17%
2743,Our Brand is Crisis,36%
2744,A Brilliant Young Mind,87%
2745,Chi-Raq,82%
2746,Meet The Patels,87%
2747,Burnt,28%
2748,Man Up,80%
2749,Hellions,27%
2750,Bleeding Heart,43%
2751,In My Father's House,92%
2752,The Wannabe,38%
2753,Freeheld,49%
2754,Truth,62%
2755,The Assassin,80%
2756,Big Stone Gap,38%
2757,Extraordinary Tales,58%
2758,The Pack,56%
2759,Batman: Bad Blood,100%
2760,Hannibal Buress: Comedy Camisado,100%
2761,Zarafa,75%
2762,The Girls in the Band,100%
2763,Inside Out,98%
2764,Vacation,27%
2765,Self/less,19%
2766,Matt Shepard is a Friend of Mine,100%
2767,Stations of the Cross,92%
2768,We'll Never Have Paris,33%
2769,Far from Men,84%
2770,Before We Go,27%
2771,Seymour: An Introduction,100%
2772,Do I Sound Gay?,81%
2773,Mr. Dynamite: The Rise of James Brown,100%
2774,She's Funny That Way,44%
2775,Toy Story That Time Forgot,100%
2776,"One Cut, One Life",100%
2777,Elf: Buddy's Musical Christmas,89%
2778,Bloodsucking Bastards,65%
2779,The End Of The Tour,91%
2780,Best Of Enemies,93%
2781,Digging For Fire,66%
2782,Tangerine,96%
2783,The Final Girls,72%
2784,Mr. Holmes,89%
2785,My Italian Secret: The Forgotten Heroes,80%
2786,Stung,56%
2787,Bound to Vengeance,25%
2788,Tap World,86%
2789,Wild City,50%
2790,The Diabolical,40%
2791,London Fields,0%
2792,Ralph Breaks the Internet,89%
2793,Letters From Baghdad,83%
2794,Bohemian Rhapsody,61%
2795,The Girl in the Spider's Web,40%
2796,Widows,91%
2797,Lu Over the Wall (Yoake tsugeru Rû no uta),76%
2798,Overlord,81%
2799,Rodents of Unusual Size,98%
2800,Maria By Callas,92%
2801,Among Wolves,100%
2802,The Guilty (Den skyldige),98%
2803,Black '47,78%
2804,A Private War,89%
2805,The Amityville Murders,7%
2806,The Unicorn,91%
2807,"Berlin, I Love You",11%
2808,Possum,89%
2809,The Man Who Killed Hitler and Then The Bigfoot,76%
2810,The Favourite,93%
2811,Long Time Coming: A 1955 Baseball Story,67%
2812,At Eternity's Gate,80%
2813,St. Bernard Syndicate,80%
2814,Free Solo,97%
2815,My Dinner with Hervé,83%
2816,St. Agatha,63%
2817,High Flying Bird,92%
2818,The Final Wish,88%
2819,The Isle,67%
2820,A Violent Man,38%
2821,Beneath the Leaves,20%
2822,Period. End of Sentence.,100%
2823,The Night Comes For Us,89%
2824,Patient Zero,17%
2825,Ant-Man and the Wasp,88%
2826,Incredibles 2,94%
2827,God Knows Where I Am,85%
2828,Slender Man,7%
2829,Longing,75%
2830,55 Steps,50%
2831,Transformer,100%
2832,Teen Titans Go! To the Movies,91%
2833,Shirkers,100%
2834,The Devil We Know,100%
2835,A Whale of a Tale,87%
2836,Mandy,91%
2837,Sorry to Bother You,93%
2838,Dovlatov,79%
2839,Whitney,89%
2840,The Bill Murray Stories: Life Lessons Learned from a Mythical Man,94%
2841,Mario,100%
2842,Unfriended: Dark Web,61%
2843,Thunder Road,97%
2844,Down a Dark Hall,50%
2845,Arizona,40%
2846,Reprisal,0%
2847,Solis,0%
2848,Stella's Last Weekend,65%
2849,Killer Kate!,67%
2850,Invisible Essence: The Little Prince,100%
2851,Brampton's Own,40%
2852,Change in the Air,11%
2853,Been So Long,92%
2854,Adam Sandler: 100% Fresh,90%
